1. DISPLAY DEPARTMENT_ID , MANAGER_ID , COMMISSION_PCT , FIRST_NAME. SORT RESULT ON ALL 4 COLUMNS AS SPECIFIED IN SINGLE SELECT STATEMENT. SORT ON DEPARTMENT_ID COLUMN IN ASCENDING ORDER KEEPING NULLS AT THE TOP, MANAGER_ID IN DESCENDING ORDER KEEPING NULLS AT THE BOTTOM, ASCENDING ORDER OF COMMISSION_PCT USING COLUMN POSITION AND ON FIRST_NAME COLUMN IN DESCENDING USING COLUMN ALIAS.
->SELECT DEPARTMENT_ID, MANAGER_ID, COMMISSION_PCT, FIRST_NAME FN FROM EMPLOYEES ORDER BY DEPARTMENT_ID NULLS FIRST, MANAGER_ID DESC NULLS LAST, 3, FN DESC;

2. DISPLAY FIRST_NAME , SALARY , COMMISSION_PCT AND COMMISSION AMOUNT. SORT RESULT IN DESCENDING ORDER ON FOURTH COLUMN USING COLUMN ALIAS.
->SELECT FIRST_NAME , SALARY , COMMISSION_PCT , COMMISSION_PCT * SALARY "COMMISSION AMOUNT" FROM EMPLOYEES ORDER BY "COMMISSION AMOUNT" DESC;

3. DISPLAY DEPARTMENT_ID , FIRST_NAME. SORT ROWS ON FIRST COLUMN USING COLUMN ALIAS. START RESULT SET FROM 5th ROW AND DISPLAY 7 ROWS.
->SELECT DEPARTMENT_ID "DEP ID" , FIRST_NAME  FROM EMPLOYEES ORDER BY "DEP ID" OFFSET 4 ROWS FETCH FIRST 7 ROW ONLY;

4. DISPLAY JOB_ID , LAST_NAME. SORT ROWS ON JOB_ID COLUMN IN DESCENDING USING COLUMN POSITION. START RESULT SET WITH 4th ROW AND DISPLAY 4 OR MORE ROWS. (WITH DUPLICATES)
->SELECT JOB_ID , LAST_NAME FROM EMPLOYEES ORDER BY 1 DESC OFFSET 3 ROWS FETCH FIRST 5 ROWS ONLY;

5. DISPLAY 5 EMPLOYEE'S INFO. (FIRST_NAME , SALARY) WHO ARE PAID HIGHEST SALARY IN COMPANY.
->SELECT FIRST_NAME , SALARY FROM EMPLOYEES ORDER BY 2 DESC;

6. DISPLAY FIRST 7 HIRED EMPLOYEE'S INFO. (LAST_NAME, HIRE_DATE)
->SELECT LAST_NAME , HIRE_DATE FROM EMPLOYEES ORDER BY 2 FETCH FIRST 7 ROWS ONLY;

7. DISPLAY FIRST_NAME , SALARY FOR THE EMPLOYEES WHO GETS 3rd LOWEST SALARY TO 8th LOWEST SALARY INCLUDING DUPLICATES.
->SELECT FIRST_NAME , SALARY FROM EMPLOYEES ORDER BY 2 OFFSET 2 ROWS FETCH NEXT 6 ROW WITH TIES;

8. DISPLAY FIRST_NAME AND HIRE_DATE FOR THE EMPLOYEE WHO WAS HIRED 15th IN COMPANY.
->SELECT FIRST_NAME , HIRE_DATE FROM EMPLOYEES ORDER BY 2 OFFSET 14 ROWS FETCH FIRST 1 ROWS ONLY;

9. DISPLAY LAST_NAME, HIRE_DATE FOR LAST 4 EMPLOYEES HIRED IN COMPANY.
->SELECT LAST_NAME , HIRE_DATE FROM EMPLOYEES OFFSET 16 ROWS;

10. DISPLAY FIRST_NAME , COMMISSION AMOUNT FOR THE EMPLOYEE WHO GETS LOWEST COMMISSION AMOUNT.
->SELECT FIRST_NAME , COMMISSION_PCT * SALARY "COMMISSION AMOUNT" FROM EMPLOYEES ORDER BY 2 FETCH FIRST 1 ROWS ONLY;

11. DISPLAY LAST_NAME , COMMISSION AMOUNT FOR THE EMPLOYEE WHO GETS HIGHEST COMMISSION AMOUNT.
->SELECT LAST_NAME  , COMMISSION_PCT*SALARY "COMISSION AMOUNT" FROM EMPLOYEES ORDER BY 2 DESC NULLS LAST FETCH FIRST 1 ROW ONLY;

12. DISPLAY FIRST_NAME , SALARY FROM EMPLOYEES WHO GETS HIGHEST SALARY IN SALARY RANGE OF 5000 TO 8750.
->SELECT FIRST_NAME , SALARY FROM EMPLOYEES WHERE SALARY >= 5000 AND SALARY <= 8750 ORDER BY 2 DESC;

13. DISPLAY LAST_NAME , SALARY FROM EMPLOYEES WHO GETS LOWEST SALARY IN SALARY RANGE 0 TO 5500.
->SELECT LAST_NAME , SALARY FROM EMPLOYEES WHERE SALARY >= 0 AND SALARY <= 5500 ORDER BY 2;

14. DISPLAY FIRST_NAME , DEPARTMENT_ID , JOB_ID , SALARY FROM EMPLOYEES. DISPLAY ONLY ONLY 2 EMPLOYEE INFO. WHO GETS HIGHEST SALARY WORKING IN DEPARTMENT 50 AS ST_CLERK.
->SELECT FIRST_NAME , DEPARTMENT_ID , JOB_ID , SALARY FROM EMPLOYEES WHERE (DEPARTMENT_ID,JOB_ID) IN ((50,'ST_CLERK')) ORDER BY 2 FETCH FIRST 2 ROWS ONLY;

15. DISPLAY FIRST_NAME , MANAGER_ID , HIRE_DATE , SALARY. DISPLAY FIRST 5 HIGHEST PAID EMPLOYEES' INFO. WHO REPORTS TO ANY OF 101,124 OR 149 OR WHO WERE HIRED AFTER YEAR 95.
->SELECT FIRST_NAME , MANAGER_ID , HIRE_DATE , SALARY FROM EMPLOYEES WHERE MANAGER_ID = SOME(101,124,149) AND HIRE_DATE  >= '1-JAN-95' ORDER BY 4 DESC FETCH FIRST 5 ROWS ONLY;

16. DISPLAY FIRST_NAME , LAST_NAME , HIRE_DATE. FIRST_NAME SHOULD HAVE ATLEAST 2 'e' ALPHABET OR LAST_NAME SHOULD HAVE 'o' ALPHABET. DISPLAY ONLY LAST 6 HIRED EMPLOYEES' INFO.
->SELECT FIRST_NAME , LAST_NAME , HIRE_DATE FROM EMPLOYEES WHERE FIRST_NAME LIKE '%e%e%' OR LAST_NAME LIKE '%o%' OFFSET 14 ROWS;

17. DISPLAY FIRST_NAME , SALARY , HIRE_DATE. EMPLOYEE SHOULD BE HIRED IN ANY YEAR OF 99,98 OR 87. DISPLAY ONLY THOSE WHO GETS 3rd LOWEST SALARY UPTO 6th LOWEST SALARY.
->SELECT FIRST_NAME , SALARY , HIRE_DATE FROM EMPLOYEES WHERE HIRE_DATE LIKE '%-99' OR HIRE_DATE LIKE '%-98' OR HIRE_DATE LIKE '%-87' ORDER BY 2 OFFSET 2 ROWS FETCH FIRST 6 ROWS ONLY;

18. DISPLAY LAST_NAME , MANAGER_ID , HIRE_DATE , SALARY. EMPLOYEES SHOULD REPORT TO OTHER THAN MANAGER 124,101,103 AND HIRED IN ANY OF JAN, JUN OR JUL MONTH OF ANY YEAR. DISPLAY FIRST 6 HIGHEST PAID EMPLOYEES' INFO.
->SELECT LAST_NAME , MANAGER_ID , HIRE_DATE , SALARY FROM EMPLOYEES WHERE MANAGER_ID = ANY(124,101,103) AND HIRE_DATE LIKE '%-J%';

19. DISPLAY FIRST_NAME , SALARY , COMMISSION_PCT , HIRE_DATE. EMPLOYEE SHOULD NOT GET ANY COMMISSION AND SHOULD BE HIRED IN FIRST QUARTER OF ANY YEAR. DISPLAY ALL OTHER THAN FIRST TWO HIGHEST PAID EMPLOYEES.
-> SELECT FIRST_NAME , SALARY , COMMISSION_PCT , HIRE_DATE FROM EMPLOYEES
 WHERE COMMISSION_PCT IS NULL AND (HIRE_DATE LIKE '%JAN%' OR HIRE_dATE LIKE '%FEB%' OR HIRE_DATE LIKE '%MAR%');

20. DISPLAY FIRST_NAME , LAST_NAME , SALARY. SPELLING LENGTH OF FIRST_NAME MUST BE 6 OR LESS AND SPELLING LENGTH OF LAST_NAME MUST BE 6 OR MORE. DISPLAY ALL OTHER THAN 3 LOWEST PAID EMPLOYEES.
->SELECT FIRST_NAME , SALARY , COMMISSION_PCT , HIRE_DATE FROM EMPLOYEES
WHERE COMMISSION_PCT IS NULL AND (HIRE_DATE LIKE '%JAN%' OR HIRE_dATE LIKE '%FEB%' OR HIRE_DATE LIKE '%MAR%') ORDER BY SALARY DESC FETCH FIRST 2 ROWS ONLY;

21. DISPLAY FIRST_NAME , HIRE_DATE , SALARY. SALARY MUST BE OUTSIDE RANGE 5500 AND 11200. DISPLAY ALL OTHER THAN 5 EMPLOYEES, WHO WERE HIRED EARLIEST BY THE COMPANY.
->SELECT FIRST_NAME , HIRE_DATE , SALARY FROM EMPLOYEES
WHERE SALARY NOT BETWEEN 5500 AND 11200 ORDER BY 2 FETCH FIRST 5 ROWS ONLY;

22. DISPLAY FIRST_NAME , HIRE_DATE , SALARY , COMMISSION_PCT. SALARY MUST BE 12000 OR LESS OR COMMISSION AMOUNT MUST BE 1500 OR MORE. DISPLAY THE EMPLOYEE WHO GETS HIGHEST TOTAL INCOME.
->SELECT FIRST_NAME , HIRE_DATE , SALARY , COMMISSION_PCT , COMMISSION_PCT*SALARY  FROM EMPLOYEES
WHERE SALARY <= 12000 OR COMMISSION_PCT*SALARY <= 1500 ORDER BY SALARY DESC;

23. DISPLAY FIRST_NAME , SALARY , MANAGER_ID , JOB_ID. REPORTS TO MANAGER_ID 100 OR 101 (USE MULTI ROW OPERATOR) AND WORKS AS EITHER MK_MAN, SA_MAN, AD_ASST (DON'T USE SPECIAL OPERATOR AS WELL AS MULTI ROW OPERATOR). SORT ROWS ON SALARY DESC.
->SELECT  FIRST_NAME , SALARY , MANAGER_ID, JOB_ID FROM EMPLOYEES
WHERE MANAGER_ID IN (100,101) AND (JOB_ID = 'MK_MAN' OR JOB_ID = 'SA_MAN' OR JOB_ID = 'AD_ASST');

24. DISPLAY FIRST_NAME , SALARY , DEPARTMENT_ID. SALARY OUTSIDE RANGE 4500 AND 9500 (DON'T USE SPECIAL OPERATOR) AND DEPARTMENT_ID OTHER THAN 90,110,50 (USING MULTI ROW OPERATOR) SORT RESULT ON 3rd AND 2nd COLUMNS.
->SELECT FIRST_NAME, SALARY, DEPARTMENT_ID FROM EMPLOYEES
WHERE (SALARY < 4500 OR SALARY > 9500) AND (DEPARTMENT_ID NOT IN (90,110,50)) ORDER BY 2,3;






E   D   L    C    R  
SQL> SELECT * FROM EMPLOYEES;

EMPLOYEE_ID FIRST_NAME      LAST_NAME       EMAIL      PHONE_NUMBER         HIRE_DATE JOB_ID         SALARY COMMISSION_PCT MANAGER_ID DEPARTMENT_ID
----------- --------------- --------------- ---------- -------------------- --------- ---------- ---------- -------------- ---------- -------------
        100 Steven          King            SKING      515.123.4567         17-JUL-87 AD_PRES         24000                                      90
        101 Neena           Kochhar         NKOCHHAR   515.123.4568         21-SEP-89 AD_VP           17000                       100            90
        102 Lex             De Haan         LDEHAAN    515.123.4569         13-JAN-93 AD_VP           17000                       100            90
        103 Alexander       Hunold          AHUNOLD    590.423.4567         03-JAN-90 IT_PROG          9000                       102            60
        104 Bruce           Ernst           BERNST     590.423.4568         21-MAY-91 IT_PROG          6000                       103            60
        107 Diana           Lorentz         DLORENTZ   590.423.5567         07-FEB-99 IT_PROG          4200                       103            60
        124 Kevin           Mourgos         KMOURGOS   650.123.5234         16-NOV-99 ST_MAN           5800                       100            50
        141 Trenna          Rajs            TRAJS      650.121.8009         17-OCT-95 ST_CLERK         3500                       124            50
        142 Curtis          Davies          CDAVIES    650.121.2994         29-JAN-97 ST_CLERK         3100                       124            50
        143 Randall         Matos           RMATOS     650.121.2874         15-MAR-98 ST_CLERK         2600                       124            50
        144 Peter           Vargas          PVARGAS    650.121.2004         09-JUL-98 ST_CLERK         2500                       124            50
        149 Eleni           Zlotkey         EZLOTKEY   011.44.1344.429018   29-JAN-00 SA_MAN          10500             .2        100            80
        174 Ellen           Abel            EABEL      011.44.1644.429267   11-MAY-96 SA_REP          11000             .3        149            80
        176 Jonathon        Taylor          JTAYLOR    011.44.1644.429265   24-MAR-98 SA_REP           8600             .3        149            80
        178 Kimerely        Grant           KGRANT     011.44.1644.429263   24-MAY-99 SA_REP           7000            .15        149
        200 Jennifer        Whalen          JWHALEN    515.123.4444         17-SEP-87 AD_ASST          4400                       101            10
        201 Michael         Hartstein       MHARTSTE   515.123.5555         17-FEB-96 MK_MAN          13000                       100            20
        202 Pat             Fay             PFAY       603.123.6666         17-AUG-97 MK_REP           6000                       201            20
        205 Shelley         Higgins         SHIGGINS   515.123.8080         07-JUN-94 AC_MGR          12000                       101           110
        206 William         Gietz           WGIETZ     515.123.8181         07-JUN-94 AC_ACCOUNT       8300                       205           110

20 rows selected.

SQL> SELECT * FROM DEPARTMENTS;

DEPARTMENT_ID DEPARTMENT_NAME                MANAGER_ID LOCATION_ID
------------- ------------------------------ ---------- -----------
           10 Administration                        200        1700
           20 Marketing                             201        1800
           50 Shiping                               124        1500
           60 IT                                    103        1400
           80 Sales                                 149        2500
           90 Executive                             100        1700
          110 Accounting                            205        1700
          190 Contracting                                      1700

8 rows selected.

SQL> SELECT * FROM LOCATIONS;

LOCATION_ID STREET_ADRESS                            POSTAL_CODE  CITY                           STATE_PROVINCE            CO
----------- ---------------------------------------- ------------ ------------------------------ ------------------------- --
       1400 2014 Jabberwocky Rd                      26192        Southlake                      Texas                     US
       1500 2011 Interiors Blvd                      99236        South San Francisco            California                US
       1700 2004 Charade Rd                          98199        Seattle                        Washington                US
       1800 460 Bloor St. W.                         ON M5S 1X8   Toronto                        Ontario                   CA
       2500 Magdalen Centre, The Oxford Science Park OX9 9ZB      Oxford                         Oxford                    UK

SQL> SELECT * FROM COUNTRIES;

CO COUNTRY_NAME                              REGION_ID
-- ---------------------------------------- ----------
CA Canada                                            2
DE Germany                                           1
UK United Kingdom                                    1
US United States of America                          2

SQL> SELECT * FROM REGIONS;

 REGION_ID REGION_NAME
---------- -------------------------
         1 Europe
         2 Americas
         3 Asia
         4 Middle East and Africa

SQL> SELECT * FROM JOBS;
 
JOB_ID     JOB_TITLE                           MIN_SALARY MAX_SALARY
---------- ----------------------------------- ---------- ----------
AD_PRES    President                                20000      40000
AD_VP      Administration Vice President            15000      30000
AD_ASST    Administration Assistant                  3000       6000
AC_MGR     Accounting Manager                        8200      16000
AC_ACCOUNT Public Accountant                         4200       9000
SA_MAN     Sales Manager                            10000      20000
SA_REP     Sales Representative                      6000      12000
ST_MAN     Stock Manager                             5500       8500
ST_CLERK   Stock Clerk                               2000       5000
IT_PROG    Programmer                                4000      10000
MK_MAN     Marketing Manager                         9000      15000
MK_REP     Marketing Representative                  4000       9000


SQL> SELECT * FROM JOB_GRADES;

GRA LOWEST_SAL HIGHEST_SAL
--- ---------- -----------
A         1000        2999
B         3000        5999
C         6000        9999
D        10000       14999
E        15000       24999
F        25000       40000      

SQL> SELECT * FROM JOB_HISTORY;

EMPLOYEE_ID START_DAT END_DATE  JOB_ID     DEPARTMENT_ID
----------- --------- --------- ---------- -------------
        102 13-JAN-93 24-JUL-98 IT_PROG               60
        101 21-SEP-89 27-OCT-93 AC_ACCOUNT           110
        101 28-OCT-93 15-MAR-97 AC_MGR               110
        201 17-FEB-96 19-DEC-99 MK_REP                20
        114 24-MAR-98 31-DEC-99 ST_CLERK              50
        122 01-JAN-99 31-DEC-99 ST_CLERK              50
        200 17-SEP-87 17-JUN-93 AD_ASST               90
        176 24-MAR-98 31-DEC-98 SA_REP                80
        176 01-JAN-99 31-DEC-99 SA_MAN                80
        200 01-JUL-94 31-DEC-98 AC_ACCOUNT            90