SQL> 
SQL> REM NATURAL JOIN : PRE-REQUISITES :
SQL> 
SQL> REM 1 BOTH TABLES MUST HAVE ATLEAST SINGLE COMMON COLUMN (WITH SAME SPELLING)
SQL> 
SQL> REM 2 THEIR VALUES SHOULD BE SIMILAR
SQL> 
SQL> REM 3 THEIR MEANINGS MUST BE SAME
SQL> 
SQL> 
SQL> 
SQL> REM 1 BOTH TABLES MUST HAVE ATLEAST SINGLE COMMON COLUMN (WITH SAME SPELLING)
SQL> 
SQL> REM OTHERWISE IT WILL DEVELOP CARTESIAN PRODUCT
SQL> 
SQL> SELECT * FROM DEPARTMENTS;

DEPARTMENT_ID DEPARTMENT_NAME                MANAGER_ID LOCATION_ID                                                                                                                                     
------------- ------------------------------ ---------- -----------                                                                                                                                     
           10 Administration                        200        1700                                                                                                                                     
           20 Marketing                             201        1800                                                                                                                                     
           50 Shiping                               124        1500                                                                                                                                     
           60 IT                                    103        1400                                                                                                                                     
           80 Sales                                 149        2500                                                                                                                                     
           90 Executive                             100        1700                                                                                                                                     
          110 Accounting                            205        1700                                                                                                                                     
          190 Contracting                                      1700                                                                                                                                     

8 rows selected.

SQL> SELECT * FROM COUNTRIES;

CO COUNTRY_NAME                              REGION_ID                                                                                                                                                  
-- ---------------------------------------- ----------                                                                                                                                                  
CA Canada                                            2                                                                                                                                                  
DE Germany                                           1                                                                                                                                                  
UK United Kingdom                                    1                                                                                                                                                  
US United States of America                          2                                                                                                                                                  

SQL> SELECT DEPARTMENT_NAME , COUNTRY_NAME
  2  FROM DEPARTMENTS
  3  NATURAL JOIN COUNTRIES;

DEPARTMENT_NAME                COUNTRY_NAME                                                                                                                                                             
------------------------------ ----------------------------------------                                                                                                                                 
Administration                 Canada                                                                                                                                                                   
Marketing                      Canada                                                                                                                                                                   
Shiping                        Canada                                                                                                                                                                   
IT                             Canada                                                                                                                                                                   
Sales                          Canada                                                                                                                                                                   
Executive                      Canada                                                                                                                                                                   
Accounting                     Canada                                                                                                                                                                   
Contracting                    Canada                                                                                                                                                                   
Administration                 Germany                                                                                                                                                                  
Marketing                      Germany                                                                                                                                                                  
Shiping                        Germany                                                                                                                                                                  
IT                             Germany                                                                                                                                                                  
Sales                          Germany                                                                                                                                                                  
Executive                      Germany                                                                                                                                                                  
Accounting                     Germany                                                                                                                                                                  
Contracting                    Germany                                                                                                                                                                  
Administration                 United Kingdom                                                                                                                                                           
Marketing                      United Kingdom                                                                                                                                                           
Shiping                        United Kingdom                                                                                                                                                           
IT                             United Kingdom                                                                                                                                                           
Sales                          United Kingdom                                                                                                                                                           

DEPARTMENT_NAME                COUNTRY_NAME                                                                                                                                                             
------------------------------ ----------------------------------------                                                                                                                                 
Executive                      United Kingdom                                                                                                                                                           
Accounting                     United Kingdom                                                                                                                                                           
Contracting                    United Kingdom                                                                                                                                                           
Administration                 United States of America                                                                                                                                                 
Marketing                      United States of America                                                                                                                                                 
Shiping                        United States of America                                                                                                                                                 
IT                             United States of America                                                                                                                                                 
Sales                          United States of America                                                                                                                                                 
Executive                      United States of America                                                                                                                                                 
Accounting                     United States of America                                                                                                                                                 
Contracting                    United States of America                                                                                                                                                 

32 rows selected.

SQL> SELECT DEPARTMENT_NAME , COUNTRY_NAME
  2  FROM DEPARTMENTS
  3  NATURAL JOIN LOCATIONS
  4  NATURAL JOIN COUNTRIES;

DEPARTMENT_NAME                COUNTRY_NAME                                                                                                                                                             
------------------------------ ----------------------------------------                                                                                                                                 
Administration                 United States of America                                                                                                                                                 
Marketing                      Canada                                                                                                                                                                   
Shiping                        United States of America                                                                                                                                                 
IT                             United States of America                                                                                                                                                 
Sales                          United Kingdom                                                                                                                                                           
Executive                      United States of America                                                                                                                                                 
Accounting                     United States of America                                                                                                                                                 
Contracting                    United States of America                                                                                                                                                 

8 rows selected.

SQL> REM 2 THEIR VALUES SHOULD BE SIMILAR
SQL> 
SQL> SELECT * FROM MPSSTAFF;

NAME                                                                                                                                                                                                    
----------                                                                                                                                                                                              
ASHWIN                                                                                                                                                                                                  
SARITA                                                                                                                                                                                                  
BIMAL                                                                                                                                                                                                   

SQL> SELECT * FROM MPSSUBJECT;

NAME                                                                                                                                                                                                    
----------                                                                                                                                                                                              
TOEFL                                                                                                                                                                                                   
GMAT                                                                                                                                                                                                    
SAT                                                                                                                                                                                                     
GRE                                                                                                                                                                                                     

SQL> SELECT * FROM MPSSTAFF NATURAL JOIN MPSSUBJECT;

no rows selected

SQL> REM 3 THEIR MEANINGS MUST BE SAME
SQL> 
SQL> SELECT * FROM EMPLOYEES;

EMPLOYEE_ID FIRST_NAME      LAST_NAME       EMAIL      PHONE_NUMBER         HIRE_DATE JOB_ID         SALARY COMMISSION_PCT MANAGER_ID DEPARTMENT_ID                                                     
----------- --------------- --------------- ---------- -------------------- --------- ---------- ---------- -------------- ---------- -------------                                                     
        100 Steven          King            SKING      515.123.4567         17-JUL-87 AD_PRES         24000                                      90                                                     
        101 Neena           Kochhar         NKOCHHAR   515.123.4568         21-SEP-89 AD_VP           17000                       100            90                                                     
        102 Lex             De Haan         LDEHAAN    515.123.4569         13-JAN-93 AD_VP           17000                       100            90                                                     
        103 Alexander       Hunold          AHUNOLD    590.423.4567         03-JAN-90 IT_PROG          9000                       102            60                                                     
        104 Bruce           Ernst           BERNST     590.423.4568         21-MAY-91 IT_PROG          6000                       103            60                                                     
        107 Diana           Lorentz         DLORENTZ   590.423.5567         07-FEB-99 IT_PROG          4200                       103            60                                                     
        124 Kevin           Mourgos         KMOURGOS   650.123.5234         16-NOV-99 ST_MAN           5800                       100            50                                                     
        141 Trenna          Rajs            TRAJS      650.121.8009         17-OCT-95 ST_CLERK         3500                       124            50                                                     
        142 Curtis          Davies          CDAVIES    650.121.2994         29-JAN-97 ST_CLERK         3100                       124            50                                                     
        143 Randall         Matos           RMATOS     650.121.2874         15-MAR-98 ST_CLERK         2600                       124            50                                                     
        144 Peter           Vargas                     650.121.2004         09-JUL-98 ST_CLERK         2500                       124            50                                                     
        149 Eleni           Zlotkey         EZLOTKEY   011.44.1344.429018   29-JAN-00 SA_MAN          10500             .2        100            80                                                     
        174 Ellen           Abel            EABEL      011.44.1644.429267   11-MAY-96 SA_REP          11000             .3        149            80                                                     
        176 Jonathon        Taylor          JTAYLOR    011.44.1644.429265   24-MAR-98 SA_REP           8600             .3        149            80                                                     
        178 Kimerely        Grant           KGRANT     011.44.1644.429263   24-MAY-99 SA_REP           7000            .15        149                                                                   
        200 Jennifer        Whalen          JWHALEN    515.123.4444         17-SEP-87 AD_ASST          4400                       101            10                                                     
        201 Michael         Hartstein       MHARTSTE   515.123.5555         17-FEB-96 MK_MAN          13000                       100            20                                                     
        202 Pat             Fay             PFAY       603.123.6666         17-AUG-97 MK_REP           6000                       201            20                                                     
        205 Shelley         Higgins         SHIGGINS   515.123.8080         07-JUN-94 AC_MGR          12000                       101           110                                                     
        206 William         Gietz           WGIETZ     515.123.8181         07-JUN-94 AC_ACCOUNT       8300                       205           110                                                     

20 rows selected.

SQL> SELECT * FROM DEPARTMENTS;

DEPARTMENT_ID DEPARTMENT_NAME                MANAGER_ID LOCATION_ID                                                                                                                                     
------------- ------------------------------ ---------- -----------                                                                                                                                     
           10 Administration                        200        1700                                                                                                                                     
           20 Marketing                             201        1800                                                                                                                                     
           50 Shiping                               124        1500                                                                                                                                     
           60 IT                                    103        1400                                                                                                                                     
           80 Sales                                 149        2500                                                                                                                                     
           90 Executive                             100        1700                                                                                                                                     
          110 Accounting                            205        1700                                                                                                                                     
          190 Contracting                                      1700                                                                                                                                     

8 rows selected.

SQL> SET LINES 400
SQL> 
SQL> SELECT * FROM EMPLOYEES NATURAL JOIN DEPARTMENTS;

MANAGER_ID DEPARTMENT_ID EMPLOYEE_ID FIRST_NAME      LAST_NAME       EMAIL      PHONE_NUMBER         HIRE_DATE JOB_ID         SALARY COMMISSION_PCT DEPARTMENT_NAME                LOCATION_ID                                                                                                                                                                                                                  
---------- ------------- ----------- --------------- --------------- ---------- -------------------- --------- ---------- ---------- -------------- ------------------------------ -----------                                                                                                                                                                                                                  
       100            90         101 Neena           Kochhar         NKOCHHAR   515.123.4568         21-SEP-89 AD_VP           17000                Executive                             1700                                                                                                                                                                                                                  
       100            90         102 Lex             De Haan         LDEHAAN    515.123.4569         13-JAN-93 AD_VP           17000                Executive                             1700                                                                                                                                                                                                                  
       103            60         104 Bruce           Ernst           BERNST     590.423.4568         21-MAY-91 IT_PROG          6000                IT                                    1400                                                                                                                                                                                                                  
       103            60         107 Diana           Lorentz         DLORENTZ   590.423.5567         07-FEB-99 IT_PROG          4200                IT                                    1400                                                                                                                                                                                                                  
       124            50         141 Trenna          Rajs            TRAJS      650.121.8009         17-OCT-95 ST_CLERK         3500                Shiping                               1500                                                                                                                                                                                                                  
       124            50         142 Curtis          Davies          CDAVIES    650.121.2994         29-JAN-97 ST_CLERK         3100                Shiping                               1500                                                                                                                                                                                                                  
       124            50         143 Randall         Matos           RMATOS     650.121.2874         15-MAR-98 ST_CLERK         2600                Shiping                               1500                                                                                                                                                                                                                  
       124            50         144 Peter           Vargas                     650.121.2004         09-JUL-98 ST_CLERK         2500                Shiping                               1500                                                                                                                                                                                                                  
       149            80         174 Ellen           Abel            EABEL      011.44.1644.429267   11-MAY-96 SA_REP          11000             .3 Sales                                 2500                                                                                                                                                                                                                  
       149            80         176 Jonathon        Taylor          JTAYLOR    011.44.1644.429265   24-MAR-98 SA_REP           8600             .3 Sales                                 2500                                                                                                                                                                                                                  
       201            20         202 Pat             Fay             PFAY       603.123.6666         17-AUG-97 MK_REP           6000                Marketing                             1800                                                                                                                                                                                                                  
       205           110         206 William         Gietz           WGIETZ     515.123.8181         07-JUN-94 AC_ACCOUNT       8300                Accounting                            1700                                                                                                                                                                                                                  

12 rows selected.

SQL> REM DISPLAY THOSE WHO REPORTS TO THEIR DEPARTMENT HEAD.
SQL> 
SQL> SELECT * FROM EMPLOYEES NATURAL JOIN DEPARTMENTS;

MANAGER_ID DEPARTMENT_ID EMPLOYEE_ID FIRST_NAME      LAST_NAME       EMAIL      PHONE_NUMBER         HIRE_DATE JOB_ID         SALARY COMMISSION_PCT DEPARTMENT_NAME                LOCATION_ID                                                                                                                                                                                                                  
---------- ------------- ----------- --------------- --------------- ---------- -------------------- --------- ---------- ---------- -------------- ------------------------------ -----------                                                                                                                                                                                                                  
       100            90         101 Neena           Kochhar         NKOCHHAR   515.123.4568         21-SEP-89 AD_VP           17000                Executive                             1700                                                                                                                                                                                                                  
       100            90         102 Lex             De Haan         LDEHAAN    515.123.4569         13-JAN-93 AD_VP           17000                Executive                             1700                                                                                                                                                                                                                  
       103            60         104 Bruce           Ernst           BERNST     590.423.4568         21-MAY-91 IT_PROG          6000                IT                                    1400                                                                                                                                                                                                                  
       103            60         107 Diana           Lorentz         DLORENTZ   590.423.5567         07-FEB-99 IT_PROG          4200                IT                                    1400                                                                                                                                                                                                                  
       124            50         141 Trenna          Rajs            TRAJS      650.121.8009         17-OCT-95 ST_CLERK         3500                Shiping                               1500                                                                                                                                                                                                                  
       124            50         142 Curtis          Davies          CDAVIES    650.121.2994         29-JAN-97 ST_CLERK         3100                Shiping                               1500                                                                                                                                                                                                                  
       124            50         143 Randall         Matos           RMATOS     650.121.2874         15-MAR-98 ST_CLERK         2600                Shiping                               1500                                                                                                                                                                                                                  
       124            50         144 Peter           Vargas                     650.121.2004         09-JUL-98 ST_CLERK         2500                Shiping                               1500                                                                                                                                                                                                                  
       149            80         174 Ellen           Abel            EABEL      011.44.1644.429267   11-MAY-96 SA_REP          11000             .3 Sales                                 2500                                                                                                                                                                                                                  
       149            80         176 Jonathon        Taylor          JTAYLOR    011.44.1644.429265   24-MAR-98 SA_REP           8600             .3 Sales                                 2500                                                                                                                                                                                                                  
       201            20         202 Pat             Fay             PFAY       603.123.6666         17-AUG-97 MK_REP           6000                Marketing                             1800                                                                                                                                                                                                                  
       205           110         206 William         Gietz           WGIETZ     515.123.8181         07-JUN-94 AC_ACCOUNT       8300                Accounting                            1700                                                                                                                                                                                                                  

12 rows selected.

SQL> SELECT * FROM EMPLOYEES INNER JOIN DEPARTMENTS USING (DEPARTMENT_ID , MANAGER_ID);

DEPARTMENT_ID MANAGER_ID EMPLOYEE_ID FIRST_NAME      LAST_NAME       EMAIL      PHONE_NUMBER         HIRE_DATE JOB_ID         SALARY COMMISSION_PCT DEPARTMENT_NAME                LOCATION_ID                                                                                                                                                                                                                  
------------- ---------- ----------- --------------- --------------- ---------- -------------------- --------- ---------- ---------- -------------- ------------------------------ -----------                                                                                                                                                                                                                  
           90        100         101 Neena           Kochhar         NKOCHHAR   515.123.4568         21-SEP-89 AD_VP           17000                Executive                             1700                                                                                                                                                                                                                  
           90        100         102 Lex             De Haan         LDEHAAN    515.123.4569         13-JAN-93 AD_VP           17000                Executive                             1700                                                                                                                                                                                                                  
           60        103         104 Bruce           Ernst           BERNST     590.423.4568         21-MAY-91 IT_PROG          6000                IT                                    1400                                                                                                                                                                                                                  
           60        103         107 Diana           Lorentz         DLORENTZ   590.423.5567         07-FEB-99 IT_PROG          4200                IT                                    1400                                                                                                                                                                                                                  
           50        124         141 Trenna          Rajs            TRAJS      650.121.8009         17-OCT-95 ST_CLERK         3500                Shiping                               1500                                                                                                                                                                                                                  
           50        124         142 Curtis          Davies          CDAVIES    650.121.2994         29-JAN-97 ST_CLERK         3100                Shiping                               1500                                                                                                                                                                                                                  
           50        124         143 Randall         Matos           RMATOS     650.121.2874         15-MAR-98 ST_CLERK         2600                Shiping                               1500                                                                                                                                                                                                                  
           50        124         144 Peter           Vargas                     650.121.2004         09-JUL-98 ST_CLERK         2500                Shiping                               1500                                                                                                                                                                                                                  
           80        149         174 Ellen           Abel            EABEL      011.44.1644.429267   11-MAY-96 SA_REP          11000             .3 Sales                                 2500                                                                                                                                                                                                                  
           80        149         176 Jonathon        Taylor          JTAYLOR    011.44.1644.429265   24-MAR-98 SA_REP           8600             .3 Sales                                 2500                                                                                                                                                                                                                  
           20        201         202 Pat             Fay             PFAY       603.123.6666         17-AUG-97 MK_REP           6000                Marketing                             1800                                                                                                                                                                                                                  
          110        205         206 William         Gietz           WGIETZ     515.123.8181         07-JUN-94 AC_ACCOUNT       8300                Accounting                            1700                                                                                                                                                                                                                  

12 rows selected.

SQL> SELECT * FROM EMPLOYEES INNER JOIN DEPARTMENTS USING (MANAGER_ID , DEPARTMENT_ID);

MANAGER_ID DEPARTMENT_ID EMPLOYEE_ID FIRST_NAME      LAST_NAME       EMAIL      PHONE_NUMBER         HIRE_DATE JOB_ID         SALARY COMMISSION_PCT DEPARTMENT_NAME                LOCATION_ID                                                                                                                                                                                                                  
---------- ------------- ----------- --------------- --------------- ---------- -------------------- --------- ---------- ---------- -------------- ------------------------------ -----------                                                                                                                                                                                                                  
       100            90         101 Neena           Kochhar         NKOCHHAR   515.123.4568         21-SEP-89 AD_VP           17000                Executive                             1700                                                                                                                                                                                                                  
       100            90         102 Lex             De Haan         LDEHAAN    515.123.4569         13-JAN-93 AD_VP           17000                Executive                             1700                                                                                                                                                                                                                  
       103            60         104 Bruce           Ernst           BERNST     590.423.4568         21-MAY-91 IT_PROG          6000                IT                                    1400                                                                                                                                                                                                                  
       103            60         107 Diana           Lorentz         DLORENTZ   590.423.5567         07-FEB-99 IT_PROG          4200                IT                                    1400                                                                                                                                                                                                                  
       124            50         141 Trenna          Rajs            TRAJS      650.121.8009         17-OCT-95 ST_CLERK         3500                Shiping                               1500                                                                                                                                                                                                                  
       124            50         142 Curtis          Davies          CDAVIES    650.121.2994         29-JAN-97 ST_CLERK         3100                Shiping                               1500                                                                                                                                                                                                                  
       124            50         143 Randall         Matos           RMATOS     650.121.2874         15-MAR-98 ST_CLERK         2600                Shiping                               1500                                                                                                                                                                                                                  
       124            50         144 Peter           Vargas                     650.121.2004         09-JUL-98 ST_CLERK         2500                Shiping                               1500                                                                                                                                                                                                                  
       149            80         174 Ellen           Abel            EABEL      011.44.1644.429267   11-MAY-96 SA_REP          11000             .3 Sales                                 2500                                                                                                                                                                                                                  
       149            80         176 Jonathon        Taylor          JTAYLOR    011.44.1644.429265   24-MAR-98 SA_REP           8600             .3 Sales                                 2500                                                                                                                                                                                                                  
       201            20         202 Pat             Fay             PFAY       603.123.6666         17-AUG-97 MK_REP           6000                Marketing                             1800                                                                                                                                                                                                                  
       205           110         206 William         Gietz           WGIETZ     515.123.8181         07-JUN-94 AC_ACCOUNT       8300                Accounting                            1700                                                                                                                                                                                                                  

12 rows selected.

SQL> SELECT * FROM EMPLOYEES NATURAL JOIN DEPARTMENTS;

MANAGER_ID DEPARTMENT_ID EMPLOYEE_ID FIRST_NAME      LAST_NAME       EMAIL      PHONE_NUMBER         HIRE_DATE JOB_ID         SALARY COMMISSION_PCT DEPARTMENT_NAME                LOCATION_ID                                                                                                                                                                                                                  
---------- ------------- ----------- --------------- --------------- ---------- -------------------- --------- ---------- ---------- -------------- ------------------------------ -----------                                                                                                                                                                                                                  
       100            90         101 Neena           Kochhar         NKOCHHAR   515.123.4568         21-SEP-89 AD_VP           17000                Executive                             1700                                                                                                                                                                                                                  
       100            90         102 Lex             De Haan         LDEHAAN    515.123.4569         13-JAN-93 AD_VP           17000                Executive                             1700                                                                                                                                                                                                                  
       103            60         104 Bruce           Ernst           BERNST     590.423.4568         21-MAY-91 IT_PROG          6000                IT                                    1400                                                                                                                                                                                                                  
       103            60         107 Diana           Lorentz         DLORENTZ   590.423.5567         07-FEB-99 IT_PROG          4200                IT                                    1400                                                                                                                                                                                                                  
       124            50         141 Trenna          Rajs            TRAJS      650.121.8009         17-OCT-95 ST_CLERK         3500                Shiping                               1500                                                                                                                                                                                                                  
       124            50         142 Curtis          Davies          CDAVIES    650.121.2994         29-JAN-97 ST_CLERK         3100                Shiping                               1500                                                                                                                                                                                                                  
       124            50         143 Randall         Matos           RMATOS     650.121.2874         15-MAR-98 ST_CLERK         2600                Shiping                               1500                                                                                                                                                                                                                  
       124            50         144 Peter           Vargas                     650.121.2004         09-JUL-98 ST_CLERK         2500                Shiping                               1500                                                                                                                                                                                                                  
       149            80         174 Ellen           Abel            EABEL      011.44.1644.429267   11-MAY-96 SA_REP          11000             .3 Sales                                 2500                                                                                                                                                                                                                  
       149            80         176 Jonathon        Taylor          JTAYLOR    011.44.1644.429265   24-MAR-98 SA_REP           8600             .3 Sales                                 2500                                                                                                                                                                                                                  
       201            20         202 Pat             Fay             PFAY       603.123.6666         17-AUG-97 MK_REP           6000                Marketing                             1800                                                                                                                                                                                                                  
       205           110         206 William         Gietz           WGIETZ     515.123.8181         07-JUN-94 AC_ACCOUNT       8300                Accounting                            1700                                                                                                                                                                                                                  

12 rows selected.

SQL> SELECT * FROM EMPLOYEES INNER JOIN DEPARTMENTS USING (DEPARTMENT_ID);

DEPARTMENT_ID EMPLOYEE_ID FIRST_NAME      LAST_NAME       EMAIL      PHONE_NUMBER         HIRE_DATE JOB_ID         SALARY COMMISSION_PCT MANAGER_ID DEPARTMENT_NAME                MANAGER_ID LOCATION_ID                                                                                                                                                                                                       
------------- ----------- --------------- --------------- ---------- -------------------- --------- ---------- ---------- -------------- ---------- ------------------------------ ---------- -----------                                                                                                                                                                                                       
           10         200 Jennifer        Whalen          JWHALEN    515.123.4444         17-SEP-87 AD_ASST          4400                       101 Administration                        200        1700                                                                                                                                                                                                       
           20         201 Michael         Hartstein       MHARTSTE   515.123.5555         17-FEB-96 MK_MAN          13000                       100 Marketing                             201        1800                                                                                                                                                                                                       
           20         202 Pat             Fay             PFAY       603.123.6666         17-AUG-97 MK_REP           6000                       201 Marketing                             201        1800                                                                                                                                                                                                       
           50         124 Kevin           Mourgos         KMOURGOS   650.123.5234         16-NOV-99 ST_MAN           5800                       100 Shiping                               124        1500                                                                                                                                                                                                       
           50         144 Peter           Vargas                     650.121.2004         09-JUL-98 ST_CLERK         2500                       124 Shiping                               124        1500                                                                                                                                                                                                       
           50         143 Randall         Matos           RMATOS     650.121.2874         15-MAR-98 ST_CLERK         2600                       124 Shiping                               124        1500                                                                                                                                                                                                       
           50         142 Curtis          Davies          CDAVIES    650.121.2994         29-JAN-97 ST_CLERK         3100                       124 Shiping                               124        1500                                                                                                                                                                                                       
           50         141 Trenna          Rajs            TRAJS      650.121.8009         17-OCT-95 ST_CLERK         3500                       124 Shiping                               124        1500                                                                                                                                                                                                       
           60         107 Diana           Lorentz         DLORENTZ   590.423.5567         07-FEB-99 IT_PROG          4200                       103 IT                                    103        1400                                                                                                                                                                                                       
           60         104 Bruce           Ernst           BERNST     590.423.4568         21-MAY-91 IT_PROG          6000                       103 IT                                    103        1400                                                                                                                                                                                                       
           60         103 Alexander       Hunold          AHUNOLD    590.423.4567         03-JAN-90 IT_PROG          9000                       102 IT                                    103        1400                                                                                                                                                                                                       
           80         174 Ellen           Abel            EABEL      011.44.1644.429267   11-MAY-96 SA_REP          11000             .3        149 Sales                                 149        2500                                                                                                                                                                                                       
           80         149 Eleni           Zlotkey         EZLOTKEY   011.44.1344.429018   29-JAN-00 SA_MAN          10500             .2        100 Sales                                 149        2500                                                                                                                                                                                                       
           80         176 Jonathon        Taylor          JTAYLOR    011.44.1644.429265   24-MAR-98 SA_REP           8600             .3        149 Sales                                 149        2500                                                                                                                                                                                                       
           90         102 Lex             De Haan         LDEHAAN    515.123.4569         13-JAN-93 AD_VP           17000                       100 Executive                             100        1700                                                                                                                                                                                                       
           90         100 Steven          King            SKING      515.123.4567         17-JUL-87 AD_PRES         24000                           Executive                             100        1700                                                                                                                                                                                                       
           90         101 Neena           Kochhar         NKOCHHAR   515.123.4568         21-SEP-89 AD_VP           17000                       100 Executive                             100        1700                                                                                                                                                                                                       
          110         206 William         Gietz           WGIETZ     515.123.8181         07-JUN-94 AC_ACCOUNT       8300                       205 Accounting                            205        1700                                                                                                                                                                                                       
          110         205 Shelley         Higgins         SHIGGINS   515.123.8080         07-JUN-94 AC_MGR          12000                       101 Accounting                            205        1700                                                                                                                                                                                                       

19 rows selected.

SQL> SELECT * FROM EMPLOYEES;

EMPLOYEE_ID FIRST_NAME      LAST_NAME       EMAIL      PHONE_NUMBER         HIRE_DATE JOB_ID         SALARY COMMISSION_PCT MANAGER_ID DEPARTMENT_ID                                                                                                                                                                                                                                                             
----------- --------------- --------------- ---------- -------------------- --------- ---------- ---------- -------------- ---------- -------------                                                                                                                                                                                                                                                             
        100 Steven          King            SKING      515.123.4567         17-JUL-87 AD_PRES         24000                                      90                                                                                                                                                                                                                                                             
        101 Neena           Kochhar         NKOCHHAR   515.123.4568         21-SEP-89 AD_VP           17000                       100            90                                                                                                                                                                                                                                                             
        102 Lex             De Haan         LDEHAAN    515.123.4569         13-JAN-93 AD_VP           17000                       100            90                                                                                                                                                                                                                                                             
        103 Alexander       Hunold          AHUNOLD    590.423.4567         03-JAN-90 IT_PROG          9000                       102            60                                                                                                                                                                                                                                                             
        104 Bruce           Ernst           BERNST     590.423.4568         21-MAY-91 IT_PROG          6000                       103            60                                                                                                                                                                                                                                                             
        107 Diana           Lorentz         DLORENTZ   590.423.5567         07-FEB-99 IT_PROG          4200                       103            60                                                                                                                                                                                                                                                             
        124 Kevin           Mourgos         KMOURGOS   650.123.5234         16-NOV-99 ST_MAN           5800                       100            50                                                                                                                                                                                                                                                             
        141 Trenna          Rajs            TRAJS      650.121.8009         17-OCT-95 ST_CLERK         3500                       124            50                                                                                                                                                                                                                                                             
        142 Curtis          Davies          CDAVIES    650.121.2994         29-JAN-97 ST_CLERK         3100                       124            50                                                                                                                                                                                                                                                             
        143 Randall         Matos           RMATOS     650.121.2874         15-MAR-98 ST_CLERK         2600                       124            50                                                                                                                                                                                                                                                             
        144 Peter           Vargas                     650.121.2004         09-JUL-98 ST_CLERK         2500                       124            50                                                                                                                                                                                                                                                             
        149 Eleni           Zlotkey         EZLOTKEY   011.44.1344.429018   29-JAN-00 SA_MAN          10500             .2        100            80                                                                                                                                                                                                                                                             
        174 Ellen           Abel            EABEL      011.44.1644.429267   11-MAY-96 SA_REP          11000             .3        149            80                                                                                                                                                                                                                                                             
        176 Jonathon        Taylor          JTAYLOR    011.44.1644.429265   24-MAR-98 SA_REP           8600             .3        149            80                                                                                                                                                                                                                                                             
        178 Kimerely        Grant           KGRANT     011.44.1644.429263   24-MAY-99 SA_REP           7000            .15        149                                                                                                                                                                                                                                                                           
        200 Jennifer        Whalen          JWHALEN    515.123.4444         17-SEP-87 AD_ASST          4400                       101            10                                                                                                                                                                                                                                                             
        201 Michael         Hartstein       MHARTSTE   515.123.5555         17-FEB-96 MK_MAN          13000                       100            20                                                                                                                                                                                                                                                             
        202 Pat             Fay             PFAY       603.123.6666         17-AUG-97 MK_REP           6000                       201            20                                                                                                                                                                                                                                                             
        205 Shelley         Higgins         SHIGGINS   515.123.8080         07-JUN-94 AC_MGR          12000                       101           110                                                                                                                                                                                                                                                             
        206 William         Gietz           WGIETZ     515.123.8181         07-JUN-94 AC_ACCOUNT       8300                       205           110                                                                                                                                                                                                                                                             

20 rows selected.

SQL> SELECT * FROM DEPARTMENTS;

DEPARTMENT_ID DEPARTMENT_NAME                MANAGER_ID LOCATION_ID                                                                                                                                                                                                                                                                                                                                             
------------- ------------------------------ ---------- -----------                                                                                                                                                                                                                                                                                                                                             
           10 Administration                        200        1700                                                                                                                                                                                                                                                                                                                                             
           20 Marketing                             201        1800                                                                                                                                                                                                                                                                                                                                             
           50 Shiping                               124        1500                                                                                                                                                                                                                                                                                                                                             
           60 IT                                    103        1400                                                                                                                                                                                                                                                                                                                                             
           80 Sales                                 149        2500                                                                                                                                                                                                                                                                                                                                             
           90 Executive                             100        1700                                                                                                                                                                                                                                                                                                                                             
          110 Accounting                            205        1700                                                                                                                                                                                                                                                                                                                                             
          190 Contracting                                      1700                                                                                                                                                                                                                                                                                                                                             

8 rows selected.

SQL> SELECT * FROM LOCATIONS;

LOCATION_ID STREET_ADRESS                            POSTAL_CODE  CITY                           STATE_PROVINCE            CO                                                                                                                                                                                                                                                                                   
----------- ---------------------------------------- ------------ ------------------------------ ------------------------- --                                                                                                                                                                                                                                                                                   
       1400 2014 Jabberwocky Rd                      26192        Southlake                      Texas                     US                                                                                                                                                                                                                                                                                   
       1500 2011 Interiors Blvd                      99236        South San Francisco            California                US                                                                                                                                                                                                                                                                                   
       1700 2004 Charade Rd                          98199        Seattle                        Washington                US                                                                                                                                                                                                                                                                                   
       1800 460 Bloor St. W.                         ON M5S 1X8   Toronto                        Ontario                   CA                                                                                                                                                                                                                                                                                   
       2500 Magdalen Centre, The Oxford Science Park OX9 9ZB      Oxford                         Oxford                    UK                                                                                                                                                                                                                                                                                   

SQL> SELECT DEPARTRMENT_NAME , CITY
  2  FROM DEPARTMENTS
  3  NATURAL JOIN LOCATIONS;
SELECT DEPARTRMENT_NAME , CITY
       *
ERROR at line 1:
ORA-00904: "DEPARTRMENT_NAME": invalid identifier 


SQL> SELECT DEPARTMENT_NAME , CITY
  2  FROM DEPARTMENTS
  3  NATURAL JOIN LOCATIONS;

DEPARTMENT_NAME                CITY                                                                                                                                                                                                                                                                                                                                                                             
------------------------------ ------------------------------                                                                                                                                                                                                                                                                                                                                                   
Administration                 Seattle                                                                                                                                                                                                                                                                                                                                                                          
Marketing                      Toronto                                                                                                                                                                                                                                                                                                                                                                          
Shiping                        South San Francisco                                                                                                                                                                                                                                                                                                                                                              
IT                             Southlake                                                                                                                                                                                                                                                                                                                                                                        
Sales                          Oxford                                                                                                                                                                                                                                                                                                                                                                           
Executive                      Seattle                                                                                                                                                                                                                                                                                                                                                                          
Accounting                     Seattle                                                                                                                                                                                                                                                                                                                                                                          
Contracting                    Seattle                                                                                                                                                                                                                                                                                                                                                                          

8 rows selected.

SQL> SELECT DEPARTRMENT_NAME , CITY
  2  FROM DEPARTMENTS
  3  INNER JOIN LOCATIONS USING (LOCATION_ID);
SELECT DEPARTRMENT_NAME , CITY
       *
ERROR at line 1:
ORA-00904: "DEPARTRMENT_NAME": invalid identifier 


SQL> SELECT DEPARTMENT_NAME , CITY
  2  FROM DEPARTMENTS
  3  INNER JOIN LOCATIONS USING (LOCATION_ID);

DEPARTMENT_NAME                CITY                                                                                                                                                                                                                                                                                                                                                                             
------------------------------ ------------------------------                                                                                                                                                                                                                                                                                                                                                   
Administration                 Seattle                                                                                                                                                                                                                                                                                                                                                                          
Marketing                      Toronto                                                                                                                                                                                                                                                                                                                                                                          
Shiping                        South San Francisco                                                                                                                                                                                                                                                                                                                                                              
IT                             Southlake                                                                                                                                                                                                                                                                                                                                                                        
Sales                          Oxford                                                                                                                                                                                                                                                                                                                                                                           
Executive                      Seattle                                                                                                                                                                                                                                                                                                                                                                          
Accounting                     Seattle                                                                                                                                                                                                                                                                                                                                                                          
Contracting                    Seattle                                                                                                                                                                                                                                                                                                                                                                          

8 rows selected.

SQL> SELECT * FROM DEPARTMENTS;

DEPARTMENT_ID DEPARTMENT_NAME                MANAGER_ID LOCATION_ID                                                                                                                                                                                                                                                                                                                                             
------------- ------------------------------ ---------- -----------                                                                                                                                                                                                                                                                                                                                             
           10 Administration                        200        1700                                                                                                                                                                                                                                                                                                                                             
           20 Marketing                             201        1800                                                                                                                                                                                                                                                                                                                                             
           50 Shiping                               124        1500                                                                                                                                                                                                                                                                                                                                             
           60 IT                                    103        1400                                                                                                                                                                                                                                                                                                                                             
           80 Sales                                 149        2500                                                                                                                                                                                                                                                                                                                                             
           90 Executive                             100        1700                                                                                                                                                                                                                                                                                                                                             
          110 Accounting                            205        1700                                                                                                                                                                                                                                                                                                                                             
          190 Contracting                                      1700                                                                                                                                                                                                                                                                                                                                             

8 rows selected.

SQL> SELECT * FROM LOCATIONS;

LOCATION_ID STREET_ADRESS                            POSTAL_CODE  CITY                           STATE_PROVINCE            CO                                                                                                                                                                                                                                                                                   
----------- ---------------------------------------- ------------ ------------------------------ ------------------------- --                                                                                                                                                                                                                                                                                   
       1400 2014 Jabberwocky Rd                      26192        Southlake                      Texas                     US                                                                                                                                                                                                                                                                                   
       1500 2011 Interiors Blvd                      99236        South San Francisco            California                US                                                                                                                                                                                                                                                                                   
       1700 2004 Charade Rd                          98199        Seattle                        Washington                US                                                                                                                                                                                                                                                                                   
       1800 460 Bloor St. W.                         ON M5S 1X8   Toronto                        Ontario                   CA                                                                                                                                                                                                                                                                                   
       2500 Magdalen Centre, The Oxford Science Park OX9 9ZB      Oxford                         Oxford                    UK                                                                                                                                                                                                                                                                                   

SQL> ALTER TABLE LOCATIONS RENAME COLUMN LOCATION_ID TO LID;

Table altered.

SQL> SELECT * FROM DEPARTMENTS;

DEPARTMENT_ID DEPARTMENT_NAME                MANAGER_ID LOCATION_ID                                                                                                                                                                                                                                                                                                                                             
------------- ------------------------------ ---------- -----------                                                                                                                                                                                                                                                                                                                                             
           10 Administration                        200        1700                                                                                                                                                                                                                                                                                                                                             
           20 Marketing                             201        1800                                                                                                                                                                                                                                                                                                                                             
           50 Shiping                               124        1500                                                                                                                                                                                                                                                                                                                                             
           60 IT                                    103        1400                                                                                                                                                                                                                                                                                                                                             
           80 Sales                                 149        2500                                                                                                                                                                                                                                                                                                                                             
           90 Executive                             100        1700                                                                                                                                                                                                                                                                                                                                             
          110 Accounting                            205        1700                                                                                                                                                                                                                                                                                                                                             
          190 Contracting                                      1700                                                                                                                                                                                                                                                                                                                                             

8 rows selected.

SQL> SELECT * FROM LOCATIONS;

       LID STREET_ADRESS                            POSTAL_CODE  CITY                           STATE_PROVINCE            CO                                                                                                                                                                                                                                                                                    
---------- ---------------------------------------- ------------ ------------------------------ ------------------------- --                                                                                                                                                                                                                                                                                    
      1400 2014 Jabberwocky Rd                      26192        Southlake                      Texas                     US                                                                                                                                                                                                                                                                                    
      1500 2011 Interiors Blvd                      99236        South San Francisco            California                US                                                                                                                                                                                                                                                                                    
      1700 2004 Charade Rd                          98199        Seattle                        Washington                US                                                                                                                                                                                                                                                                                    
      1800 460 Bloor St. W.                         ON M5S 1X8   Toronto                        Ontario                   CA                                                                                                                                                                                                                                                                                    
      2500 Magdalen Centre, The Oxford Science Park OX9 9ZB      Oxford                         Oxford                    UK                                                                                                                                                                                                                                                                                    

SQL> SELECT DEPARTMENT_NAME , CITY
  2  FROM DEPARTMENTS
  3  INNER JOIN LOCATIONS ON LID = LOCATION_ID;

DEPARTMENT_NAME                CITY                                                                                                                                                                                                                                                                                                                                                                             
------------------------------ ------------------------------                                                                                                                                                                                                                                                                                                                                                   
Administration                 Seattle                                                                                                                                                                                                                                                                                                                                                                          
Marketing                      Toronto                                                                                                                                                                                                                                                                                                                                                                          
Shiping                        South San Francisco                                                                                                                                                                                                                                                                                                                                                              
IT                             Southlake                                                                                                                                                                                                                                                                                                                                                                        
Sales                          Oxford                                                                                                                                                                                                                                                                                                                                                                           
Executive                      Seattle                                                                                                                                                                                                                                                                                                                                                                          
Accounting                     Seattle                                                                                                                                                                                                                                                                                                                                                                          
Contracting                    Seattle                                                                                                                                                                                                                                                                                                                                                                          

8 rows selected.

SQL> SELECT FIRST_NAME , SALARY FROM EMPLOYEES;

FIRST_NAME          SALARY                                                                                                                                                                                                                                                                                                                                                                                      
--------------- ----------                                                                                                                                                                                                                                                                                                                                                                                      
Steven               24000                                                                                                                                                                                                                                                                                                                                                                                      
Neena                17000                                                                                                                                                                                                                                                                                                                                                                                      
Lex                  17000                                                                                                                                                                                                                                                                                                                                                                                      
Alexander             9000                                                                                                                                                                                                                                                                                                                                                                                      
Bruce                 6000                                                                                                                                                                                                                                                                                                                                                                                      
Diana                 4200                                                                                                                                                                                                                                                                                                                                                                                      
Kevin                 5800                                                                                                                                                                                                                                                                                                                                                                                      
Trenna                3500                                                                                                                                                                                                                                                                                                                                                                                      
Curtis                3100                                                                                                                                                                                                                                                                                                                                                                                      
Randall               2600                                                                                                                                                                                                                                                                                                                                                                                      
Peter                 2500                                                                                                                                                                                                                                                                                                                                                                                      
Eleni                10500                                                                                                                                                                                                                                                                                                                                                                                      
Ellen                11000                                                                                                                                                                                                                                                                                                                                                                                      
Jonathon              8600                                                                                                                                                                                                                                                                                                                                                                                      
Kimerely              7000                                                                                                                                                                                                                                                                                                                                                                                      
Jennifer              4400                                                                                                                                                                                                                                                                                                                                                                                      
Michael              13000                                                                                                                                                                                                                                                                                                                                                                                      
Pat                   6000                                                                                                                                                                                                                                                                                                                                                                                      
Shelley              12000                                                                                                                                                                                                                                                                                                                                                                                      
William               8300                                                                                                                                                                                                                                                                                                                                                                                      

20 rows selected.

SQL> SELECT * FROM JOB_GRADES;

GRA LOWEST_SAL HIGHEST_SAL                                                                                                                                                                                                                                                                                                                                                                                      
--- ---------- -----------                                                                                                                                                                                                                                                                                                                                                                                      
A         1000        2999                                                                                                                                                                                                                                                                                                                                                                                      
B         3000        5999                                                                                                                                                                                                                                                                                                                                                                                      
C         6000        9999                                                                                                                                                                                                                                                                                                                                                                                      
D        10000       14999                                                                                                                                                                                                                                                                                                                                                                                      
E        15000       24999                                                                                                                                                                                                                                                                                                                                                                                      
F        25000       40000                                                                                                                                                                                                                                                                                                                                                                                      

6 rows selected.

SQL> SELECT FIRST_NAME , SALARY , GRADE_LEVEL
  2  FROM EMPLOYEES
  3  JOIN JOB_GRADES ON SALARY BETWEEN LOWEST_SAL AND HIGHEST_SAL;

FIRST_NAME          SALARY GRA                                                                                                                                                                                                                                                                                                                                                                                  
--------------- ---------- ---                                                                                                                                                                                                                                                                                                                                                                                  
Peter                 2500 A                                                                                                                                                                                                                                                                                                                                                                                    
Randall               2600 A                                                                                                                                                                                                                                                                                                                                                                                    
Curtis                3100 B                                                                                                                                                                                                                                                                                                                                                                                    
Trenna                3500 B                                                                                                                                                                                                                                                                                                                                                                                    
Diana                 4200 B                                                                                                                                                                                                                                                                                                                                                                                    
Jennifer              4400 B                                                                                                                                                                                                                                                                                                                                                                                    
Kevin                 5800 B                                                                                                                                                                                                                                                                                                                                                                                    
Bruce                 6000 C                                                                                                                                                                                                                                                                                                                                                                                    
Pat                   6000 C                                                                                                                                                                                                                                                                                                                                                                                    
Kimerely              7000 C                                                                                                                                                                                                                                                                                                                                                                                    
William               8300 C                                                                                                                                                                                                                                                                                                                                                                                    
Jonathon              8600 C                                                                                                                                                                                                                                                                                                                                                                                    
Alexander             9000 C                                                                                                                                                                                                                                                                                                                                                                                    
Eleni                10500 D                                                                                                                                                                                                                                                                                                                                                                                    
Ellen                11000 D                                                                                                                                                                                                                                                                                                                                                                                    
Shelley              12000 D                                                                                                                                                                                                                                                                                                                                                                                    
Michael              13000 D                                                                                                                                                                                                                                                                                                                                                                                    
Neena                17000 E                                                                                                                                                                                                                                                                                                                                                                                    
Lex                  17000 E                                                                                                                                                                                                                                                                                                                                                                                    
Steven               24000 E                                                                                                                                                                                                                                                                                                                                                                                    

20 rows selected.

SQL> REM INNER JOIN HAS TWO SYNTAXES :
SQL> 
SQL> REM INNER JOIN SYNTAX 1 : FROM table1 INNER JOIN table2 USING (common column list)
SQL> 
SQL> REM INNER JOIN SYNTAX 2 : FROM table1 INNER JOIN table2 ON join condition(s)
SQL> 
SQL> 
SQL> SELECT * FROM DEPARTMENTS;

DEPARTMENT_ID DEPARTMENT_NAME                MANAGER_ID LOCATION_ID                                                                                                                                                                                                                                                                                                                                             
------------- ------------------------------ ---------- -----------                                                                                                                                                                                                                                                                                                                                             
           10 Administration                        200        1700                                                                                                                                                                                                                                                                                                                                             
           20 Marketing                             201        1800                                                                                                                                                                                                                                                                                                                                             
           50 Shiping                               124        1500                                                                                                                                                                                                                                                                                                                                             
           60 IT                                    103        1400                                                                                                                                                                                                                                                                                                                                             
           80 Sales                                 149        2500                                                                                                                                                                                                                                                                                                                                             
           90 Executive                             100        1700                                                                                                                                                                                                                                                                                                                                             
          110 Accounting                            205        1700                                                                                                                                                                                                                                                                                                                                             
          190 Contracting                                      1700                                                                                                                                                                                                                                                                                                                                             

8 rows selected.

SQL> SELECT * FROM LOCATIONS;

       LID STREET_ADRESS                            POSTAL_CODE  CITY                           STATE_PROVINCE            CO                                                                                                                                                                                                                                                                                    
---------- ---------------------------------------- ------------ ------------------------------ ------------------------- --                                                                                                                                                                                                                                                                                    
      1400 2014 Jabberwocky Rd                      26192        Southlake                      Texas                     US                                                                                                                                                                                                                                                                                    
      1500 2011 Interiors Blvd                      99236        South San Francisco            California                US                                                                                                                                                                                                                                                                                    
      1700 2004 Charade Rd                          98199        Seattle                        Washington                US                                                                                                                                                                                                                                                                                    
      1800 460 Bloor St. W.                         ON M5S 1X8   Toronto                        Ontario                   CA                                                                                                                                                                                                                                                                                    
      2500 Magdalen Centre, The Oxford Science Park OX9 9ZB      Oxford                         Oxford                    UK                                                                                                                                                                                                                                                                                    

SQL> REM DEPARTMENT_NAME , CITY
SQL> 
SQL> REM 1 NJ 2 IJ USING
SQL> 
SQL> SELECT DEPARTMENT_NAME , CITY
  2  FROM DEPARTMENTS
  3  NATURAL JOIN LOCATIONS;

DEPARTMENT_NAME                CITY                                                                                                                                                                                                                                                                                                                                                                             
------------------------------ ------------------------------                                                                                                                                                                                                                                                                                                                                                   
Administration                 Southlake                                                                                                                                                                                                                                                                                                                                                                        
Marketing                      Southlake                                                                                                                                                                                                                                                                                                                                                                        
Shiping                        Southlake                                                                                                                                                                                                                                                                                                                                                                        
IT                             Southlake                                                                                                                                                                                                                                                                                                                                                                        
Sales                          Southlake                                                                                                                                                                                                                                                                                                                                                                        
Executive                      Southlake                                                                                                                                                                                                                                                                                                                                                                        
Accounting                     Southlake                                                                                                                                                                                                                                                                                                                                                                        
Contracting                    Southlake                                                                                                                                                                                                                                                                                                                                                                        
Administration                 South San Francisco                                                                                                                                                                                                                                                                                                                                                              
Marketing                      South San Francisco                                                                                                                                                                                                                                                                                                                                                              
Shiping                        South San Francisco                                                                                                                                                                                                                                                                                                                                                              
IT                             South San Francisco                                                                                                                                                                                                                                                                                                                                                              
Sales                          South San Francisco                                                                                                                                                                                                                                                                                                                                                              
Executive                      South San Francisco                                                                                                                                                                                                                                                                                                                                                              
Accounting                     South San Francisco                                                                                                                                                                                                                                                                                                                                                              
Contracting                    South San Francisco                                                                                                                                                                                                                                                                                                                                                              
Administration                 Seattle                                                                                                                                                                                                                                                                                                                                                                          
Marketing                      Seattle                                                                                                                                                                                                                                                                                                                                                                          
Shiping                        Seattle                                                                                                                                                                                                                                                                                                                                                                          
IT                             Seattle                                                                                                                                                                                                                                                                                                                                                                          
Sales                          Seattle                                                                                                                                                                                                                                                                                                                                                                          

DEPARTMENT_NAME                CITY                                                                                                                                                                                                                                                                                                                                                                             
------------------------------ ------------------------------                                                                                                                                                                                                                                                                                                                                                   
Executive                      Seattle                                                                                                                                                                                                                                                                                                                                                                          
Accounting                     Seattle                                                                                                                                                                                                                                                                                                                                                                          
Contracting                    Seattle                                                                                                                                                                                                                                                                                                                                                                          
Administration                 Toronto                                                                                                                                                                                                                                                                                                                                                                          
Marketing                      Toronto                                                                                                                                                                                                                                                                                                                                                                          
Shiping                        Toronto                                                                                                                                                                                                                                                                                                                                                                          
IT                             Toronto                                                                                                                                                                                                                                                                                                                                                                          
Sales                          Toronto                                                                                                                                                                                                                                                                                                                                                                          
Executive                      Toronto                                                                                                                                                                                                                                                                                                                                                                          
Accounting                     Toronto                                                                                                                                                                                                                                                                                                                                                                          
Contracting                    Toronto                                                                                                                                                                                                                                                                                                                                                                          
Administration                 Oxford                                                                                                                                                                                                                                                                                                                                                                           
Marketing                      Oxford                                                                                                                                                                                                                                                                                                                                                                           
Shiping                        Oxford                                                                                                                                                                                                                                                                                                                                                                           
IT                             Oxford                                                                                                                                                                                                                                                                                                                                                                           
Sales                          Oxford                                                                                                                                                                                                                                                                                                                                                                           
Executive                      Oxford                                                                                                                                                                                                                                                                                                                                                                           
Accounting                     Oxford                                                                                                                                                                                                                                                                                                                                                                           
Contracting                    Oxford                                                                                                                                                                                                                                                                                                                                                                           

40 rows selected.

SQL> ALTER TABLE LOCATIONS RENAME COLUMN LID TO LOCATION_ID;

Table altered.

SQL> 
SQL> 
SQL> SELECT * FROM DEPARTMENTS;

DEPARTMENT_ID DEPARTMENT_NAME                MANAGER_ID LOCATION_ID                                                                                                                                                                                                                                                                                                                                             
------------- ------------------------------ ---------- -----------                                                                                                                                                                                                                                                                                                                                             
           10 Administration                        200        1700                                                                                                                                                                                                                                                                                                                                             
           20 Marketing                             201        1800                                                                                                                                                                                                                                                                                                                                             
           50 Shiping                               124        1500                                                                                                                                                                                                                                                                                                                                             
           60 IT                                    103        1400                                                                                                                                                                                                                                                                                                                                             
           80 Sales                                 149        2500                                                                                                                                                                                                                                                                                                                                             
           90 Executive                             100        1700                                                                                                                                                                                                                                                                                                                                             
          110 Accounting                            205        1700                                                                                                                                                                                                                                                                                                                                             
          190 Contracting                                      1700                                                                                                                                                                                                                                                                                                                                             

8 rows selected.

SQL> SELECT * FROM LOCATIONS;

LOCATION_ID STREET_ADRESS                            POSTAL_CODE  CITY                           STATE_PROVINCE            CO                                                                                                                                                                                                                                                                                   
----------- ---------------------------------------- ------------ ------------------------------ ------------------------- --                                                                                                                                                                                                                                                                                   
       1400 2014 Jabberwocky Rd                      26192        Southlake                      Texas                     US                                                                                                                                                                                                                                                                                   
       1500 2011 Interiors Blvd                      99236        South San Francisco            California                US                                                                                                                                                                                                                                                                                   
       1700 2004 Charade Rd                          98199        Seattle                        Washington                US                                                                                                                                                                                                                                                                                   
       1800 460 Bloor St. W.                         ON M5S 1X8   Toronto                        Ontario                   CA                                                                                                                                                                                                                                                                                   
       2500 Magdalen Centre, The Oxford Science Park OX9 9ZB      Oxford                         Oxford                    UK                                                                                                                                                                                                                                                                                   

SQL> REM DEPARTMENT_NAME , CITY
SQL> 
SQL> REM 1 NJ 2 IJ USING
SQL> 
SQL> SELECT DEPARTMENT_NAME , CITY
  2  FROM DEPARTMENTS
  3  NATURAL JOIN LOCATIONS;

DEPARTMENT_NAME                CITY                                                                                                                                                                                                                                                                                                                                                                             
------------------------------ ------------------------------                                                                                                                                                                                                                                                                                                                                                   
Administration                 Seattle                                                                                                                                                                                                                                                                                                                                                                          
Marketing                      Toronto                                                                                                                                                                                                                                                                                                                                                                          
Shiping                        South San Francisco                                                                                                                                                                                                                                                                                                                                                              
IT                             Southlake                                                                                                                                                                                                                                                                                                                                                                        
Sales                          Oxford                                                                                                                                                                                                                                                                                                                                                                           
Executive                      Seattle                                                                                                                                                                                                                                                                                                                                                                          
Accounting                     Seattle                                                                                                                                                                                                                                                                                                                                                                          
Contracting                    Seattle                                                                                                                                                                                                                                                                                                                                                                          

8 rows selected.

SQL> REM IJ USING
SQL> 
SQL> SELECT DEPARTMENT_NAME , CITY
  2  FROM DEPARTMENTS
  3  INNER JOIN LOCATIONS;
INNER JOIN LOCATIONS
                   *
ERROR at line 3:
ORA-00905: missing keyword 


SQL> SELECT DEPARTMENT_NAME , CITY
  2  FROM DEPARTMENTS
  3  INNER JOIN LOCATIONS USING (LOCATION_ID);

DEPARTMENT_NAME                CITY                                                                                                                                                                                                                                                                                                                                                                             
------------------------------ ------------------------------                                                                                                                                                                                                                                                                                                                                                   
Administration                 Seattle                                                                                                                                                                                                                                                                                                                                                                          
Marketing                      Toronto                                                                                                                                                                                                                                                                                                                                                                          
Shiping                        South San Francisco                                                                                                                                                                                                                                                                                                                                                              
IT                             Southlake                                                                                                                                                                                                                                                                                                                                                                        
Sales                          Oxford                                                                                                                                                                                                                                                                                                                                                                           
Executive                      Seattle                                                                                                                                                                                                                                                                                                                                                                          
Accounting                     Seattle                                                                                                                                                                                                                                                                                                                                                                          
Contracting                    Seattle                                                                                                                                                                                                                                                                                                                                                                          

8 rows selected.

SQL> REM STATE_PROVINCE , COUNTRY_NAME , REGION_NAME
SQL> 
SQL> REM 1 NJ 2 IJ USING
SQL> 
SQL> 
SQL> REM STATE_PROVINCE , COUNTRY_NAME , REGION_NAME
SQL> 
SQL> SELECT STATE_PROVINCE , COUNTRY_NAME , REGION_NAME
  2  FROM LOCATIONS
  3  NATURAL JOIN COUNTRIES
  4  NATURAL JOIN REGIONS;

STATE_PROVINCE            COUNTRY_NAME                             REGION_NAME                                                                                                                                                                                                                                                                                                                                  
------------------------- ---------------------------------------- -------------------------                                                                                                                                                                                                                                                                                                                    
Texas                     United States of America                 Americas                                                                                                                                                                                                                                                                                                                                     
California                United States of America                 Americas                                                                                                                                                                                                                                                                                                                                     
Washington                United States of America                 Americas                                                                                                                                                                                                                                                                                                                                     
Ontario                   Canada                                   Americas                                                                                                                                                                                                                                                                                                                                     
Oxford                    United Kingdom                           Europe                                                                                                                                                                                                                                                                                                                                       

SQL> SELECT STATE_PROVINCE , COUNTRY_NAME , REGION_NAME
  2  FROM LOCATIONS
  3  INNER JOIN COUNTRIES USING (COUNTRY_ID)
  4  INNER JOIN REGIONS   USING (REGION_ID);

STATE_PROVINCE            COUNTRY_NAME                             REGION_NAME                                                                                                                                                                                                                                                                                                                                  
------------------------- ---------------------------------------- -------------------------                                                                                                                                                                                                                                                                                                                    
Texas                     United States of America                 Americas                                                                                                                                                                                                                                                                                                                                     
California                United States of America                 Americas                                                                                                                                                                                                                                                                                                                                     
Washington                United States of America                 Americas                                                                                                                                                                                                                                                                                                                                     
Ontario                   Canada                                   Americas                                                                                                                                                                                                                                                                                                                                     
Oxford                    United Kingdom                           Europe                                                                                                                                                                                                                                                                                                                                       

SQL> SPOOL OFF
