SQL> 
SQL> REM SELECT SYNTAX : SELECT what_to_display FROM table_name;
SQL> 
SQL> REM what_to_display :  1 SINGLE COLUMN 2 MULTIPLE COLUMNS/COLUMN LIST 3 ALL COLUMNS/*/META CHARACTER 4 * + OTHER ITEMS
SQL> 
SQL> REM table_name : E D L C R : EMPLOYEES  DEPARTMENTS  LOCATIONS  COUNTRIES  REGIONS
SQL> 
SQL> REM PROJECTION : DISPLAYING SOME SELECTED COLUMNS
SQL> 
SQL> REM CONCATENATION OPERATOR : || : TO CLUB/JOIN/COMBINE TWO COLUMNS
SQL> 
SQL> REM ARITHMATIC OPERATORS : / * + -
> 
SQL> REM DISTINCT/UNIQUE : TO DISPLAY ONLY UNIQUE/DISTINCT/NON-DUPLICATE ROWS
SQL> 
SQL> REM DUAL TABLE : TO DISPLAY SOMETHING WHICH IS NOT STORED IN ANY TABLE.
SQL> 
SQL> 
SQL> 
SQL> REM SINGLE COLUMN DISPLAY
SQL> 
SQL> SELECT FIRST_NAME FROM EMPLOYEES;

FIRST_NAME                                                                                                                                                                                              
---------------                                                                                                                                                                                         
Steven                                                                                                                                                                                                  
Neena                                                                                                                                                                                                   
Lex                                                                                                                                                                                                     
Alexander                                                                                                                                                                                               
Bruce                                                                                                                                                                                                   
Diana                                                                                                                                                                                                   
Kevin                                                                                                                                                                                                   
Trenna                                                                                                                                                                                                  
Curtis                                                                                                                                                                                                  
Randall                                                                                                                                                                                                 
Peter                                                                                                                                                                                                   
Eleni                                                                                                                                                                                                   
Ellen                                                                                                                                                                                                   
Jonathon                                                                                                                                                                                                
Kimerely                                                                                                                                                                                                
Jennifer                                                                                                                                                                                                
Michael                                                                                                                                                                                                 
Pat                                                                                                                                                                                                     
Shelley                                                                                                                                                                                                 
William                                                                                                                                                                                                 

20 rows selected.

SQL> REM MULTIPLE COLUMN DISPLAY
SQL> 
SQL> SELECT LAST_NAME , HIRE_daTE , SALARY FROM EMPLOYEES;

LAST_NAME       HIRE_DATE     SALARY                                                                                                                                                                    
--------------- --------- ----------                                                                                                                                                                    
King            17-JUL-87      24000                                                                                                                                                                    
Kochhar         21-SEP-89      17000                                                                                                                                                                    
De Haan         13-JAN-93      17000                                                                                                                                                                    
Hunold          03-JAN-90       9000                                                                                                                                                                    
Ernst           21-MAY-91       6000                                                                                                                                                                    
Lorentz         07-FEB-99       4200                                                                                                                                                                    
Mourgos         16-NOV-99       5800                                                                                                                                                                    
Rajs            17-OCT-95       3500                                                                                                                                                                    
Davies          29-JAN-97       3100                                                                                                                                                                    
Matos           15-MAR-98       2600                                                                                                                                                                    
Vargas          09-JUL-98       2500                                                                                                                                                                    
Zlotkey         29-JAN-00      10500                                                                                                                                                                    
Abel            11-MAY-96      11000                                                                                                                                                                    
Taylor          24-MAR-98       8600                                                                                                                                                                    
Grant           24-MAY-99       7000                                                                                                                                                                    
Whalen          17-SEP-87       4400                                                                                                                                                                    
Hartstein       17-FEB-96      13000                                                                                                                                                                    
Fay             17-AUG-97       6000                                                                                                                                                                    
Higgins         07-JUN-94      12000                                                                                                                                                                    
Gietz           07-JUN-94       8300                                                                                                                                                                    

20 rows selected.

SQL> REM DISPLAYING ALL COLUMNS
SQL> 
SQL> SELECT * FROM EMPLOYEES;

EMPLOYEE_ID FIRST_NAME      LAST_NAME       EMAIL      PHONE_NUMBER         HIRE_DATE JOB_ID         SALARY COMMISSION_PCT MANAGER_ID DEPARTMENT_ID                                                     
----------- --------------- --------------- ---------- -------------------- --------- ---------- ---------- -------------- ---------- -------------                                                     
        100 Steven          King            SKING      515.123.4567         17-JUL-87 AD_PRES         24000                                      90                                                     
        101 Neena           Kochhar         NKOCHHAR   515.123.4568         21-SEP-89 AD_VP           17000                       100            90                                                     
        102 Lex             De Haan         LDEHAAN    515.123.4569         13-JAN-93 AD_VP           17000                       100            90                                                     
        103 Alexander       Hunold          AHUNOLD    590.423.4567         03-JAN-90 IT_PROG          9000                       102            60                                                     
        104 Bruce           Ernst           BERNST     590.423.4568         21-MAY-91 IT_PROG          6000                       103            60                                                     
        107 Diana           Lorentz         DLORENTZ   590.423.5567         07-FEB-99 IT_PROG          4200                       103            60                                                     
        124 Kevin           Mourgos         KMOURGOS   650.123.5234         16-NOV-99 ST_MAN           5800                       100            50                                                     
        141 Trenna          Rajs            TRAJS      650.121.8009         17-OCT-95 ST_CLERK         3500                       124            50                                                     
        142 Curtis          Davies          CDAVIES    650.121.2994         29-JAN-97 ST_CLERK         3100                       124            50                                                     
        143 Randall         Matos           RMATOS     650.121.2874         15-MAR-98 ST_CLERK         2600                       124            50                                                     
        144 Peter           Vargas          PVARGAS    650.121.2004         09-JUL-98 ST_CLERK         2500                       124            50                                                     
        149 Eleni           Zlotkey         EZLOTKEY   011.44.1344.429018   29-JAN-00 SA_MAN          10500             .2        100            80                                                     
        174 Ellen           Abel                       011.44.1644.429267   11-MAY-96 SA_REP          11000             .3        149            80                                                     
        176 Jonathon        Taylor          JTAYLOR    011.44.1644.429265   24-MAR-98 SA_REP           8600             .3        149            80                                                     
        178 Kimerely        Grant           KGRANT     011.44.1644.429263   24-MAY-99 SA_REP           7000            .15        149                                                                   
        200 Jennifer        Whalen          JWHALEN    515.123.4444         17-SEP-87 AD_ASST          4400                       101            10                                                     
        201 Michael         Hartstein       MHARTSTE   515.123.5555         17-FEB-96 MK_MAN          13000                       100            20                                                     
        202 Pat             Fay             PFAY       603.123.6666         17-AUG-97 MK_REP           6000                       201            20                                                     
        205 Shelley         Higgins         SHIGGINS   515.123.8080         07-JUN-94 AC_MGR          12000                       101           110                                                     
        206 William         Gietz           WGIETZ     515.123.8181         07-JUN-94 AC_ACCOUNT       8300                       205           110                                                     

20 rows selected.

SQL> REM CONCATENATION OPERATOR
SQL> 
SQL> SELECT FIRST_NAME || LAST_NAME FROM EMPLOYEES;

FIRST_NAME||LAST_NAME                                                                                                                                                                                   
------------------------------                                                                                                                                                                          
StevenKing                                                                                                                                                                                              
NeenaKochhar                                                                                                                                                                                            
LexDe Haan                                                                                                                                                                                              
AlexanderHunold                                                                                                                                                                                         
BruceErnst                                                                                                                                                                                              
DianaLorentz                                                                                                                                                                                            
KevinMourgos                                                                                                                                                                                            
TrennaRajs                                                                                                                                                                                              
CurtisDavies                                                                                                                                                                                            
RandallMatos                                                                                                                                                                                            
PeterVargas                                                                                                                                                                                             
EleniZlotkey                                                                                                                                                                                            
EllenAbel                                                                                                                                                                                               
JonathonTaylor                                                                                                                                                                                          
KimerelyGrant                                                                                                                                                                                           
JenniferWhalen                                                                                                                                                                                          
MichaelHartstein                                                                                                                                                                                        
PatFay                                                                                                                                                                                                  
ShelleyHiggins                                                                                                                                                                                          
WilliamGietz                                                                                                                                                                                            

20 rows selected.

SQL> SELECT FIRST_NAME || ' ' || LAST_NAME FROM EMPLOYEES;

FIRST_NAME||''||LAST_NAME                                                                                                                                                                               
-------------------------------                                                                                                                                                                         
Steven King                                                                                                                                                                                             
Neena Kochhar                                                                                                                                                                                           
Lex De Haan                                                                                                                                                                                             
Alexander Hunold                                                                                                                                                                                        
Bruce Ernst                                                                                                                                                                                             
Diana Lorentz                                                                                                                                                                                           
Kevin Mourgos                                                                                                                                                                                           
Trenna Rajs                                                                                                                                                                                             
Curtis Davies                                                                                                                                                                                           
Randall Matos                                                                                                                                                                                           
Peter Vargas                                                                                                                                                                                            
Eleni Zlotkey                                                                                                                                                                                           
Ellen Abel                                                                                                                                                                                              
Jonathon Taylor                                                                                                                                                                                         
Kimerely Grant                                                                                                                                                                                          
Jennifer Whalen                                                                                                                                                                                         
Michael Hartstein                                                                                                                                                                                       
Pat Fay                                                                                                                                                                                                 
Shelley Higgins                                                                                                                                                                                         
William Gietz                                                                                                                                                                                           

20 rows selected.

SQL> SELECT * FROM EMPLOYEES;

EMPLOYEE_ID FIRST_NAME      LAST_NAME       EMAIL      PHONE_NUMBER         HIRE_DATE JOB_ID         SALARY COMMISSION_PCT MANAGER_ID DEPARTMENT_ID                                                     
----------- --------------- --------------- ---------- -------------------- --------- ---------- ---------- -------------- ---------- -------------                                                     
        100 Steven          King            SKING      515.123.4567         17-JUL-87 AD_PRES         24000                                      90                                                     
        101 Neena           Kochhar         NKOCHHAR   515.123.4568         21-SEP-89 AD_VP           17000                       100            90                                                     
        102 Lex             De Haan         LDEHAAN    515.123.4569         13-JAN-93 AD_VP           17000                       100            90                                                     
        103 Alexander       Hunold          AHUNOLD    590.423.4567         03-JAN-90 IT_PROG          9000                       102            60                                                     
        104 Bruce           Ernst           BERNST     590.423.4568         21-MAY-91 IT_PROG          6000                       103            60                                                     
        107 Diana           Lorentz         DLORENTZ   590.423.5567         07-FEB-99 IT_PROG          4200                       103            60                                                     
        124 Kevin           Mourgos         KMOURGOS   650.123.5234         16-NOV-99 ST_MAN           5800                       100            50                                                     
        141 Trenna          Rajs            TRAJS      650.121.8009         17-OCT-95 ST_CLERK         3500                       124            50                                                     
        142 Curtis          Davies          CDAVIES    650.121.2994         29-JAN-97 ST_CLERK         3100                       124            50                                                     
        143 Randall         Matos           RMATOS     650.121.2874         15-MAR-98 ST_CLERK         2600                       124            50                                                     
        144 Peter           Vargas          PVARGAS    650.121.2004         09-JUL-98 ST_CLERK         2500                       124            50                                                     
        149 Eleni           Zlotkey         EZLOTKEY   011.44.1344.429018   29-JAN-00 SA_MAN          10500             .2        100            80                                                     
        174 Ellen           Abel                       011.44.1644.429267   11-MAY-96 SA_REP          11000             .3        149            80                                                     
        176 Jonathon        Taylor          JTAYLOR    011.44.1644.429265   24-MAR-98 SA_REP           8600             .3        149            80                                                     
        178 Kimerely        Grant           KGRANT     011.44.1644.429263   24-MAY-99 SA_REP           7000            .15        149                                                                   
        200 Jennifer        Whalen          JWHALEN    515.123.4444         17-SEP-87 AD_ASST          4400                       101            10                                                     
        201 Michael         Hartstein       MHARTSTE   515.123.5555         17-FEB-96 MK_MAN          13000                       100            20                                                     
        202 Pat             Fay             PFAY       603.123.6666         17-AUG-97 MK_REP           6000                       201            20                                                     
        205 Shelley         Higgins         SHIGGINS   515.123.8080         07-JUN-94 AC_MGR          12000                       101           110                                                     
        206 William         Gietz           WGIETZ     515.123.8181         07-JUN-94 AC_ACCOUNT       8300                       205           110                                                     

20 rows selected.

SQL> REM Steven works as AD_PRES.
SQL> 
SQL> SELECT FIRST_NAME || ' works as ' || JOB_ID || '.' FROM EMPLOYEES;

FIRST_NAME||'WORKSAS'||JOB_ID||'.'                                                                                                                                                                      
------------------------------------                                                                                                                                                                    
Steven works as AD_PRES.                                                                                                                                                                                
Neena works as AD_VP.                                                                                                                                                                                   
Lex works as AD_VP.                                                                                                                                                                                     
Alexander works as IT_PROG.                                                                                                                                                                             
Bruce works as IT_PROG.                                                                                                                                                                                 
Diana works as IT_PROG.                                                                                                                                                                                 
Kevin works as ST_MAN.                                                                                                                                                                                  
Trenna works as ST_CLERK.                                                                                                                                                                               
Curtis works as ST_CLERK.                                                                                                                                                                               
Randall works as ST_CLERK.                                                                                                                                                                              
Peter works as ST_CLERK.                                                                                                                                                                                
Eleni works as SA_MAN.                                                                                                                                                                                  
Ellen works as SA_REP.                                                                                                                                                                                  
Jonathon works as SA_REP.                                                                                                                                                                               
Kimerely works as SA_REP.                                                                                                                                                                               
Jennifer works as AD_ASST.                                                                                                                                                                              
Michael works as MK_MAN.                                                                                                                                                                                
Pat works as MK_REP.                                                                                                                                                                                    
Shelley works as AC_MGR.                                                                                                                                                                                
William works as AC_ACCOUNT.                                                                                                                                                                            

20 rows selected.

SQL> SELECT 4 * 6 FROM DUAL;

       4*6                                                                                                                                                                                              
----------                                                                                                                                                                                              
        24                                                                                                                                                                                              

SQL> SELECT 42 / 6 FROM DUAL;

      42/6                                                                                                                                                                                              
----------                                                                                                                                                                                              
         7                                                                                                                                                                                              

SQL> SELECT 42 + 6 FROM DUAL;

      42+6                                                                                                                                                                                              
----------                                                                                                                                                                                              
        48                                                                                                                                                                                              

SQL> SELECT 42 - 6 FROM DUAL;

      42-6                                                                                                                                                                                              
----------                                                                                                                                                                                              
        36                                                                                                                                                                                              

SQL> SELECT JOB_ID FROM EMPLOYEES;

JOB_ID                                                                                                                                                                                                  
----------                                                                                                                                                                                              
AD_PRES                                                                                                                                                                                                 
AD_VP                                                                                                                                                                                                   
AD_VP                                                                                                                                                                                                   
IT_PROG                                                                                                                                                                                                 
IT_PROG                                                                                                                                                                                                 
IT_PROG                                                                                                                                                                                                 
ST_MAN                                                                                                                                                                                                  
ST_CLERK                                                                                                                                                                                                
ST_CLERK                                                                                                                                                                                                
ST_CLERK                                                                                                                                                                                                
ST_CLERK                                                                                                                                                                                                
SA_MAN                                                                                                                                                                                                  
SA_REP                                                                                                                                                                                                  
SA_REP                                                                                                                                                                                                  
SA_REP                                                                                                                                                                                                  
AD_ASST                                                                                                                                                                                                 
MK_MAN                                                                                                                                                                                                  
MK_REP                                                                                                                                                                                                  
AC_MGR                                                                                                                                                                                                  
AC_ACCOUNT                                                                                                                                                                                              

20 rows selected.

SQL> SELECT ALL JOB_ID FROM EMPLOYEES;

JOB_ID                                                                                                                                                                                                  
----------                                                                                                                                                                                              
AD_PRES                                                                                                                                                                                                 
AD_VP                                                                                                                                                                                                   
AD_VP                                                                                                                                                                                                   
IT_PROG                                                                                                                                                                                                 
IT_PROG                                                                                                                                                                                                 
IT_PROG                                                                                                                                                                                                 
ST_MAN                                                                                                                                                                                                  
ST_CLERK                                                                                                                                                                                                
ST_CLERK                                                                                                                                                                                                
ST_CLERK                                                                                                                                                                                                
ST_CLERK                                                                                                                                                                                                
SA_MAN                                                                                                                                                                                                  
SA_REP                                                                                                                                                                                                  
SA_REP                                                                                                                                                                                                  
SA_REP                                                                                                                                                                                                  
AD_ASST                                                                                                                                                                                                 
MK_MAN                                                                                                                                                                                                  
MK_REP                                                                                                                                                                                                  
AC_MGR                                                                                                                                                                                                  
AC_ACCOUNT                                                                                                                                                                                              

20 rows selected.

SQL> SELECT DISTINCT JOB_ID FROM EMPLOYEES;

JOB_ID                                                                                                                                                                                                  
----------                                                                                                                                                                                              
IT_PROG                                                                                                                                                                                                 
AC_MGR                                                                                                                                                                                                  
AC_ACCOUNT                                                                                                                                                                                              
ST_MAN                                                                                                                                                                                                  
AD_ASST                                                                                                                                                                                                 
AD_VP                                                                                                                                                                                                   
SA_MAN                                                                                                                                                                                                  
MK_MAN                                                                                                                                                                                                  
AD_PRES                                                                                                                                                                                                 
SA_REP                                                                                                                                                                                                  
MK_REP                                                                                                                                                                                                  
ST_CLERK                                                                                                                                                                                                

12 rows selected.

SQL> SELECT UNIQUE JOB_ID FROM EMPLOYEES;

JOB_ID                                                                                                                                                                                                  
----------                                                                                                                                                                                              
IT_PROG                                                                                                                                                                                                 
AC_MGR                                                                                                                                                                                                  
AC_ACCOUNT                                                                                                                                                                                              
ST_MAN                                                                                                                                                                                                  
AD_ASST                                                                                                                                                                                                 
AD_VP                                                                                                                                                                                                   
SA_MAN                                                                                                                                                                                                  
MK_MAN                                                                                                                                                                                                  
AD_PRES                                                                                                                                                                                                 
SA_REP                                                                                                                                                                                                  
MK_REP                                                                                                                                                                                                  
ST_CLERK                                                                                                                                                                                                

12 rows selected.

SQL> SELECT 42 + 6 FROM EMPLOYEES;

      42+6                                                                                                                                                                                              
----------                                                                                                                                                                                              
        48                                                                                                                                                                                              
        48                                                                                                                                                                                              
        48                                                                                                                                                                                              
        48                                                                                                                                                                                              
        48                                                                                                                                                                                              
        48                                                                                                                                                                                              
        48                                                                                                                                                                                              
        48                                                                                                                                                                                              
        48                                                                                                                                                                                              
        48                                                                                                                                                                                              
        48                                                                                                                                                                                              
        48                                                                                                                                                                                              
        48                                                                                                                                                                                              
        48                                                                                                                                                                                              
        48                                                                                                                                                                                              
        48                                                                                                                                                                                              
        48                                                                                                                                                                                              
        48                                                                                                                                                                                              
        48                                                                                                                                                                                              
        48                                                                                                                                                                                              

20 rows selected.

SQL> SELECT 42 + 6 FROM DUAL;

      42+6                                                                                                                                                                                              
----------                                                                                                                                                                                              
        48                                                                                                                                                                                              

SQL> SELECT DISTINCT 42 + 6 FROM EMPLOYEES;

      42+6                                                                                                                                                                                              
----------                                                                                                                                                                                              
        48                                                                                                                                                                                              

SQL> SELECT UNIQUE 42 + 6 FROM EMPLOYEES;

      42+6                                                                                                                                                                                              
----------                                                                                                                                                                                              
        48                                                                                                                                                                                              

SQL> SELECT DEPARTMENT_ID , JOB_ID FROM EMPLOYEES ORDER BY 1,2;

DEPARTMENT_ID JOB_ID                                                                                                                                                                                    
------------- ----------                                                                                                                                                                                
           10 AD_ASST                                                                                                                                                                                   
           20 MK_MAN                                                                                                                                                                                    
           20 MK_REP                                                                                                                                                                                    
           50 ST_CLERK                                                                                                                                                                                  
           50 ST_CLERK                                                                                                                                                                                  
           50 ST_CLERK                                                                                                                                                                                  
           50 ST_CLERK                                                                                                                                                                                  
           50 ST_MAN                                                                                                                                                                                    
           60 IT_PROG                                                                                                                                                                                   
           60 IT_PROG                                                                                                                                                                                   
           60 IT_PROG                                                                                                                                                                                   
           80 SA_MAN                                                                                                                                                                                    
           80 SA_REP                                                                                                                                                                                    
           80 SA_REP                                                                                                                                                                                    
           90 AD_PRES                                                                                                                                                                                   
           90 AD_VP                                                                                                                                                                                     
           90 AD_VP                                                                                                                                                                                     
          110 AC_ACCOUNT                                                                                                                                                                                
          110 AC_MGR                                                                                                                                                                                    
              SA_REP                                                                                                                                                                                    

20 rows selected.

SQL> SELECT DISTINCT DEPARTMENT_ID , JOB_ID FROM EMPLOYEES ORDER BY 1,2;

DEPARTMENT_ID JOB_ID                                                                                                                                                                                    
------------- ----------                                                                                                                                                                                
           10 AD_ASST                                                                                                                                                                                   
           20 MK_MAN                                                                                                                                                                                    
           20 MK_REP                                                                                                                                                                                    
           50 ST_CLERK                                                                                                                                                                                  
           50 ST_MAN                                                                                                                                                                                    
           60 IT_PROG                                                                                                                                                                                   
           80 SA_MAN                                                                                                                                                                                    
           80 SA_REP                                                                                                                                                                                    
           90 AD_PRES                                                                                                                                                                                   
           90 AD_VP                                                                                                                                                                                     
          110 AC_ACCOUNT                                                                                                                                                                                
          110 AC_MGR                                                                                                                                                                                    
              SA_REP                                                                                                                                                                                    

13 rows selected.

SQL> REM ARITHMETIC OPERATORS :
SQL> 
SQL> REM COMPANY DECLARES +1200 INCREMENT FOR ALL
SQL> 
SQL> SELECT FIRST_NAME , SALARY , SALARY + 1200 FROM EMPLOYEES;

FIRST_NAME          SALARY SALARY+1200                                                                                                                                                                  
--------------- ---------- -----------                                                                                                                                                                  
Steven               24000       25200                                                                                                                                                                  
Neena                17000       18200                                                                                                                                                                  
Lex                  17000       18200                                                                                                                                                                  
Alexander             9000       10200                                                                                                                                                                  
Bruce                 6000        7200                                                                                                                                                                  
Diana                 4200        5400                                                                                                                                                                  
Kevin                 5800        7000                                                                                                                                                                  
Trenna                3500        4700                                                                                                                                                                  
Curtis                3100        4300                                                                                                                                                                  
Randall               2600        3800                                                                                                                                                                  
Peter                 2500        3700                                                                                                                                                                  
Eleni                10500       11700                                                                                                                                                                  
Ellen                11000       12200                                                                                                                                                                  
Jonathon              8600        9800                                                                                                                                                                  
Kimerely              7000        8200                                                                                                                                                                  
Jennifer              4400        5600                                                                                                                                                                  
Michael              13000       14200                                                                                                                                                                  
Pat                   6000        7200                                                                                                                                                                  
Shelley              12000       13200                                                                                                                                                                  
William               8300        9500                                                                                                                                                                  

20 rows selected.

SQL> REM DISPLAY FIRST_NAME , MONTHLY SALARY AND YEARLY SALARY
SQL> 
SQL> SELECT FIRST_NAME , SALARY , SALARY * 12 FROM EMPLOYEES;

FIRST_NAME          SALARY  SALARY*12                                                                                                                                                                   
--------------- ---------- ----------                                                                                                                                                                   
Steven               24000     288000                                                                                                                                                                   
Neena                17000     204000                                                                                                                                                                   
Lex                  17000     204000                                                                                                                                                                   
Alexander             9000     108000                                                                                                                                                                   
Bruce                 6000      72000                                                                                                                                                                   
Diana                 4200      50400                                                                                                                                                                   
Kevin                 5800      69600                                                                                                                                                                   
Trenna                3500      42000                                                                                                                                                                   
Curtis                3100      37200                                                                                                                                                                   
Randall               2600      31200                                                                                                                                                                   
Peter                 2500      30000                                                                                                                                                                   
Eleni                10500     126000                                                                                                                                                                   
Ellen                11000     132000                                                                                                                                                                   
Jonathon              8600     103200                                                                                                                                                                   
Kimerely              7000      84000                                                                                                                                                                   
Jennifer              4400      52800                                                                                                                                                                   
Michael              13000     156000                                                                                                                                                                   
Pat                   6000      72000                                                                                                                                                                   
Shelley              12000     144000                                                                                                                                                                   
William               8300      99600                                                                                                                                                                   

20 rows selected.

SQL> REM COMPANY DECLARES 500 INCREMENT FOR ALL. DISPLAY FIRST_NAME , CURRENT_SALARY , NEW_SALARY , CURRENT_YEARLY_SALARY AND NEW_YEARLY_SALARY
SQL> 
SQL> SELECT FIRST_NAME , SALARY , SALARY + 500 , SALARY * 12 , SALARY + 500 * 12 FROM EMPLOYEES;

FIRST_NAME          SALARY SALARY+500  SALARY*12 SALARY+500*12                                                                                                                                          
--------------- ---------- ---------- ---------- -------------                                                                                                                                          
Steven               24000      24500     288000         30000                                                                                                                                          
Neena                17000      17500     204000         23000                                                                                                                                          
Lex                  17000      17500     204000         23000                                                                                                                                          
Alexander             9000       9500     108000         15000                                                                                                                                          
Bruce                 6000       6500      72000         12000                                                                                                                                          
Diana                 4200       4700      50400         10200                                                                                                                                          
Kevin                 5800       6300      69600         11800                                                                                                                                          
Trenna                3500       4000      42000          9500                                                                                                                                          
Curtis                3100       3600      37200          9100                                                                                                                                          
Randall               2600       3100      31200          8600                                                                                                                                          
Peter                 2500       3000      30000          8500                                                                                                                                          
Eleni                10500      11000     126000         16500                                                                                                                                          
Ellen                11000      11500     132000         17000                                                                                                                                          
Jonathon              8600       9100     103200         14600                                                                                                                                          
Kimerely              7000       7500      84000         13000                                                                                                                                          
Jennifer              4400       4900      52800         10400                                                                                                                                          
Michael              13000      13500     156000         19000                                                                                                                                          
Pat                   6000       6500      72000         12000                                                                                                                                          
Shelley              12000      12500     144000         18000                                                                                                                                          
William               8300       8800      99600         14300                                                                                                                                          

20 rows selected.

SQL> REM PRECEDENCE : ORDER/SEQUENCE OF EXECUTION
SQL> 
SQL> REM 1 BRACKETS : () : (  )  (  ) : LEFT TO RIGHT ,  (   (   )   ) : NESTED BRACKET : INNER TO OUTER
SQL> 
SQL> REM 2 POWER FUNCTION : POWER(6,2) -> 36 , POWER(9,1/2) -> 3 : LEFT TO RIGHT , INNER TO OUTER
SQL> 
SQL> REM 3 / * : LEFT TO RIGHT IN FORMULA
SQL> 
SQL> REM 4 + - || : LEFT TO RIGHT IN FORMULA
SQL> 
SQL> 
SQL> SELECT FIRST_NAME , SALARY , SALARY + 500 , SALARY * 12 , (SALARY + 500) * 12 FROM EMPLOYEES;

FIRST_NAME          SALARY SALARY+500  SALARY*12 (SALARY+500)*12                                                                                                                                        
--------------- ---------- ---------- ---------- ---------------                                                                                                                                        
Steven               24000      24500     288000          294000                                                                                                                                        
Neena                17000      17500     204000          210000                                                                                                                                        
Lex                  17000      17500     204000          210000                                                                                                                                        
Alexander             9000       9500     108000          114000                                                                                                                                        
Bruce                 6000       6500      72000           78000                                                                                                                                        
Diana                 4200       4700      50400           56400                                                                                                                                        
Kevin                 5800       6300      69600           75600                                                                                                                                        
Trenna                3500       4000      42000           48000                                                                                                                                        
Curtis                3100       3600      37200           43200                                                                                                                                        
Randall               2600       3100      31200           37200                                                                                                                                        
Peter                 2500       3000      30000           36000                                                                                                                                        
Eleni                10500      11000     126000          132000                                                                                                                                        
Ellen                11000      11500     132000          138000                                                                                                                                        
Jonathon              8600       9100     103200          109200                                                                                                                                        
Kimerely              7000       7500      84000           90000                                                                                                                                        
Jennifer              4400       4900      52800           58800                                                                                                                                        
Michael              13000      13500     156000          162000                                                                                                                                        
Pat                   6000       6500      72000           78000                                                                                                                                        
Shelley              12000      12500     144000          150000                                                                                                                                        
William               8300       8800      99600          105600                                                                                                                                        

20 rows selected.

SQL> REM 1 COMPANY DECLARES +1000 INCREMENT TO EACH,DISPLAY LAST_NAME , CURRENT_SALARY , NEW_SALARY , CURRENT_HALF_YEARLY_SALARY , NEW_HALF_YEARLY_SALARY
SQL> 
SQL> SELECT LAST_NAME , SALARY , SALARY + 1000 , SALARY * 6 , (SALARY + 1000) * 6 FROM EMPLOYEES;

LAST_NAME           SALARY SALARY+1000   SALARY*6 (SALARY+1000)*6                                                                                                                                       
--------------- ---------- ----------- ---------- ---------------                                                                                                                                       
King                 24000       25000     144000          150000                                                                                                                                       
Kochhar              17000       18000     102000          108000                                                                                                                                       
De Haan              17000       18000     102000          108000                                                                                                                                       
Hunold                9000       10000      54000           60000                                                                                                                                       
Ernst                 6000        7000      36000           42000                                                                                                                                       
Lorentz               4200        5200      25200           31200                                                                                                                                       
Mourgos               5800        6800      34800           40800                                                                                                                                       
Rajs                  3500        4500      21000           27000                                                                                                                                       
Davies                3100        4100      18600           24600                                                                                                                                       
Matos                 2600        3600      15600           21600                                                                                                                                       
Vargas                2500        3500      15000           21000                                                                                                                                       
Zlotkey              10500       11500      63000           69000                                                                                                                                       
Abel                 11000       12000      66000           72000                                                                                                                                       
Taylor                8600        9600      51600           57600                                                                                                                                       
Grant                 7000        8000      42000           48000                                                                                                                                       
Whalen                4400        5400      26400           32400                                                                                                                                       
Hartstein            13000       14000      78000           84000                                                                                                                                       
Fay                   6000        7000      36000           42000                                                                                                                                       
Higgins              12000       13000      72000           78000                                                                                                                                       
Gietz                 8300        9300      49800           55800                                                                                                                                       

20 rows selected.

SQL> 
SQL> 
SQL> REM PRECEDENCE : ORDER/SEQUENCE OF EXECUTION
SQL> 
SQL> REM 1 BRACKETS : () : (  )  (  ) : LEFT TO RIGHT ,  (   (   )   ) : NESTED BRACKET : INNER TO OUTER
SQL> 
SQL> REM 2 POWER FUNCTION : POWER(6,2) -> 36 , POWER(9,1/2) -> 3 : LEFT TO RIGHT , INNER TO OUTER
SQL> 
SQL> REM 3 / * : LEFT TO RIGHT IN FORMULA
SQL> 
SQL> REM 4 + - || : LEFT TO RIGHT IN FORMULA
SQL> 
SQL> 
SQL> 
SQL> SELECT 10 + 4 - 3 FROM DUAL;

    10+4-3                                                                                                                                                                                              
----------                                                                                                                                                                                              
        11                                                                                                                                                                                              

SQL> SELECT 10 - 3 + 4 FROM DUAL;

    10-3+4                                                                                                                                                                                              
----------                                                                                                                                                                                              
        11                                                                                                                                                                                              

SQL> SELECT 'SHRI' || 210 + 210 FROM DUAL;
SELECT 'SHRI' || 210 + 210 FROM DUAL
               *
ERROR at line 1:
ORA-01722: invalid number 


SQL> SELECT 'SHRI' || (210 + 210) FROM DUAL;

'SHRI'|                                                                                                                                                                                                 
-------                                                                                                                                                                                                 
SHRI420                                                                                                                                                                                                 

SQL> SPOOL OFF
