SQL> 
SQL> REM SELECT SYNTAX : SELECT what_to_display FROM table_name;
SQL> 
SQL> REM * : META CHARACTER : TO DISPLAY ALL COLUMNS
SQL> 
SQL> REM PROJECTION : DISPLAYING SELECTED COLUMNS
SQL> 
SQL> REM CONCATENATION OPERATOR : TO CLUB/COMBINE TWO COLUMNS/ITEMS
SQL> 
SQL> 
SQL> 
SQL> REM ARITHMETIC OPERATORS : FOR CALCULATIONS
SQL> 
SQL> REM LIST OF ARITHMETIC OPERATORS :
SQL> 
SQL> REM / : DIVISION : 12 / 4 = 3
SQL> 
SQL> REM * : MULTIPLICATION : 5 * 6 = 30
SQL> 
SQL> REM + : ADDITION : 4 + 5 = 9
SQL> 
SQL> REM - : SUBTRACTION : 18 - 3 = 15
SQL> 
SQL> 
SQL> 12 / 4
SQL> 
SQL> SELECT 12 / 4 FROM DUAL;

      12/4                                                                                                                                                                                              
----------                                                                                                                                                                                              
         3                                                                                                                                                                                              

SQL> SELECT 12 / 4 FROM EMPLOYEES;

      12/4                                                                                                                                                                                              
----------                                                                                                                                                                                              
         3                                                                                                                                                                                              
         3                                                                                                                                                                                              
         3                                                                                                                                                                                              
         3                                                                                                                                                                                              
         3                                                                                                                                                                                              
         3                                                                                                                                                                                              
         3                                                                                                                                                                                              
         3                                                                                                                                                                                              
         3                                                                                                                                                                                              
         3                                                                                                                                                                                              
         3                                                                                                                                                                                              
         3                                                                                                                                                                                              
         3                                                                                                                                                                                              
         3                                                                                                                                                                                              
         3                                                                                                                                                                                              
         3                                                                                                                                                                                              
         3                                                                                                                                                                                              
         3                                                                                                                                                                                              
         3                                                                                                                                                                                              
         3                                                                                                                                                                                              

20 rows selected.

SQL> REM DUAL : IT IS A DUMMY TABLE
SQL> 
SQL> REM DUAL IS SYSTEM GENERATED TABLE
SQL> 
SQL> REM DUAL HAS SINGLE COLUMN AND SINGLE ROW
SQL> 
SQL> REM DUAL IS GENERALLY USED TO DISPLAY THOSE VALUES WHICH ARE NOT STORED IN ANY OF THE TABLE
SQL> 
SQL> 
SQL> 
SQL> 
SQL> SELECT * FROM DUAL;

D                                                                                                                                                                                                       
-                                                                                                                                                                                                       
X                                                                                                                                                                                                       

SQL> SELECT 6 * 4 FROM DUAL;

       6*4                                                                                                                                                                                              
----------                                                                                                                                                                                              
        24                                                                                                                                                                                              

SQL> SELECT 6 / 2 FROM DUAL;

       6/2                                                                                                                                                                                              
----------                                                                                                                                                                                              
         3                                                                                                                                                                                              

SQL> SELECT 6 - 2 FROM DUAL;

       6-2                                                                                                                                                                                              
----------                                                                                                                                                                                              
         4                                                                                                                                                                                              

SQL> SELECT 'SHRI GANESHAY NAMAH!' FROM DUAL;

'SHRIGANESHAYNAMAH!'                                                                                                                                                                                    
--------------------                                                                                                                                                                                    
SHRI GANESHAY NAMAH!                                                                                                                                                                                    

SQL> SELECT * FROM REGIONS;

 REGION_ID REGION_NAME                                                                                                                                                                                  
---------- -------------------------                                                                                                                                                                    
         1 Europe                                                                                                                                                                                       
         2 Americas                                                                                                                                                                                     
         3 Asia                                                                                                                                                                                         
         4 Middle East and Africa                                                                                                                                                                       

SQL> SELECT 6 - 2 FROM DUAL;

       6-2                                                                                                                                                                                              
----------                                                                                                                                                                                              
         4                                                                                                                                                                                              

SQL> SELECT 6 - 2 FROM REGIONS;

       6-2                                                                                                                                                                                              
----------                                                                                                                                                                                              
         4                                                                                                                                                                                              
         4                                                                                                                                                                                              
         4                                                                                                                                                                                              
         4                                                                                                                                                                                              

SQL> SELECT DISTINCT 6 - 2 FROM REGIONS;

       6-2                                                                                                                                                                                              
----------                                                                                                                                                                                              
         4                                                                                                                                                                                              

SQL> SELECT UNIQUE 6 - 2 FROM REGIONS;

       6-2                                                                                                                                                                                              
----------                                                                                                                                                                                              
         4                                                                                                                                                                                              

SQL> SELECT DEPARTMENT_ID FROM EMPLOYEES;

DEPARTMENT_ID                                                                                                                                                                                           
-------------                                                                                                                                                                                           
           90                                                                                                                                                                                           
           90                                                                                                                                                                                           
           90                                                                                                                                                                                           
           60                                                                                                                                                                                           
           60                                                                                                                                                                                           
           60                                                                                                                                                                                           
           50                                                                                                                                                                                           
           50                                                                                                                                                                                           
           50                                                                                                                                                                                           
           50                                                                                                                                                                                           
           50                                                                                                                                                                                           
           80                                                                                                                                                                                           
           80                                                                                                                                                                                           
           80                                                                                                                                                                                           
                                                                                                                                                                                                        
           10                                                                                                                                                                                           
           20                                                                                                                                                                                           
           20                                                                                                                                                                                           
          110                                                                                                                                                                                           
          110                                                                                                                                                                                           

20 rows selected.

SQL> SELECT ALL DEPARTMENT_ID FROM EMPLOYEES;

DEPARTMENT_ID                                                                                                                                                                                           
-------------                                                                                                                                                                                           
           90                                                                                                                                                                                           
           90                                                                                                                                                                                           
           90                                                                                                                                                                                           
           60                                                                                                                                                                                           
           60                                                                                                                                                                                           
           60                                                                                                                                                                                           
           50                                                                                                                                                                                           
           50                                                                                                                                                                                           
           50                                                                                                                                                                                           
           50                                                                                                                                                                                           
           50                                                                                                                                                                                           
           80                                                                                                                                                                                           
           80                                                                                                                                                                                           
           80                                                                                                                                                                                           
                                                                                                                                                                                                        
           10                                                                                                                                                                                           
           20                                                                                                                                                                                           
           20                                                                                                                                                                                           
          110                                                                                                                                                                                           
          110                                                                                                                                                                                           

20 rows selected.

SQL> 
SQL> REM ALL IS DEFAULT. IT DISPLAYS VALUE INCLUDING ALL DUPLICATES.
SQL> 
SQL> REM DISTINCT/UNIQUE : EXCLUDING DUPLICATES
SQL> 
SQL> 
SQL> 
SQL> SELECT DISTINCT DEPARTMENT_ID FROM EMPLOYEES;

DEPARTMENT_ID                                                                                                                                                                                           
-------------                                                                                                                                                                                           
                                                                                                                                                                                                        
           90                                                                                                                                                                                           
           20                                                                                                                                                                                           
          110                                                                                                                                                                                           
           50                                                                                                                                                                                           
           80                                                                                                                                                                                           
           60                                                                                                                                                                                           
           10                                                                                                                                                                                           

8 rows selected.

SQL> SELECT UNIQUE DEPARTMENT_ID FROM EMPLOYEES;

DEPARTMENT_ID                                                                                                                                                                                           
-------------                                                                                                                                                                                           
                                                                                                                                                                                                        
           90                                                                                                                                                                                           
           20                                                                                                                                                                                           
          110                                                                                                                                                                                           
           50                                                                                                                                                                                           
           80                                                                                                                                                                                           
           60                                                                                                                                                                                           
           10                                                                                                                                                                                           

8 rows selected.

SQL> SELECT DEPARTMENT_ID , JOB_ID FROM EMPLOYEES ORDER BY 1,2;

DEPARTMENT_ID JOB_ID                                                                                                                                                                                    
------------- ----------                                                                                                                                                                                
           10 AD_ASST                                                                                                                                                                                   
           20 MK_MAN                                                                                                                                                                                    
           20 MK_REP                                                                                                                                                                                    
           50 ST_CLERK                                                                                                                                                                                  
           50 ST_CLERK                                                                                                                                                                                  
           50 ST_CLERK                                                                                                                                                                                  
           50 ST_CLERK                                                                                                                                                                                  
           50 ST_MAN                                                                                                                                                                                    
           60 IT_PROG                                                                                                                                                                                   
           60 IT_PROG                                                                                                                                                                                   
           60 IT_PROG                                                                                                                                                                                   
           80 SA_MAN                                                                                                                                                                                    
           80 SA_REP                                                                                                                                                                                    
           80 SA_REP                                                                                                                                                                                    
           90 AD_PRES                                                                                                                                                                                   
           90 AD_VP                                                                                                                                                                                     
           90 AD_VP                                                                                                                                                                                     
          110 AC_ACCOUNT                                                                                                                                                                                
          110 AC_MGR                                                                                                                                                                                    
              SA_REP                                                                                                                                                                                    

20 rows selected.

SQL> SELECT DISTINCT DEPARTMENT_ID , JOB_ID FROM EMPLOYEES ORDER BY 1,2;

DEPARTMENT_ID JOB_ID                                                                                                                                                                                    
------------- ----------                                                                                                                                                                                
           10 AD_ASST                                                                                                                                                                                   
           20 MK_MAN                                                                                                                                                                                    
           20 MK_REP                                                                                                                                                                                    
           50 ST_CLERK                                                                                                                                                                                  
           50 ST_MAN                                                                                                                                                                                    
           60 IT_PROG                                                                                                                                                                                   
           80 SA_MAN                                                                                                                                                                                    
           80 SA_REP                                                                                                                                                                                    
           90 AD_PRES                                                                                                                                                                                   
           90 AD_VP                                                                                                                                                                                     
          110 AC_ACCOUNT                                                                                                                                                                                
          110 AC_MGR                                                                                                                                                                                    
              SA_REP                                                                                                                                                                                    

13 rows selected.

SQL> SELECT JOB_ID , MANAGER_ID FROM EMPLOYEES ORDER BY 1,2;

JOB_ID     MANAGER_ID                                                                                                                                                                                   
---------- ----------                                                                                                                                                                                   
AC_ACCOUNT        205                                                                                                                                                                                   
AC_MGR            101                                                                                                                                                                                   
AD_ASST           101                                                                                                                                                                                   
AD_PRES                                                                                                                                                                                                 
AD_VP             100                                                                                                                                                                                   
AD_VP             100                                                                                                                                                                                   
IT_PROG           102                                                                                                                                                                                   
IT_PROG           103                                                                                                                                                                                   
IT_PROG           103                                                                                                                                                                                   
MK_MAN            100                                                                                                                                                                                   
MK_REP            201                                                                                                                                                                                   
SA_MAN            100                                                                                                                                                                                   
SA_REP            149                                                                                                                                                                                   
SA_REP            149                                                                                                                                                                                   
SA_REP            149                                                                                                                                                                                   
ST_CLERK          124                                                                                                                                                                                   
ST_CLERK          124                                                                                                                                                                                   
ST_CLERK          124                                                                                                                                                                                   
ST_CLERK          124                                                                                                                                                                                   
ST_MAN            100                                                                                                                                                                                   

20 rows selected.

SQL> SELECT UNIQUE JOB_ID , MANAGER_ID FROM EMPLOYEES ORDER BY 1,2;

JOB_ID     MANAGER_ID                                                                                                                                                                                   
---------- ----------                                                                                                                                                                                   
AC_ACCOUNT        205                                                                                                                                                                                   
AC_MGR            101                                                                                                                                                                                   
AD_ASST           101                                                                                                                                                                                   
AD_PRES                                                                                                                                                                                                 
AD_VP             100                                                                                                                                                                                   
IT_PROG           102                                                                                                                                                                                   
IT_PROG           103                                                                                                                                                                                   
MK_MAN            100                                                                                                                                                                                   
MK_REP            201                                                                                                                                                                                   
SA_MAN            100                                                                                                                                                                                   
SA_REP            149                                                                                                                                                                                   
ST_CLERK          124                                                                                                                                                                                   
ST_MAN            100                                                                                                                                                                                   

13 rows selected.

SQL> SELECT JOB_ID , DEPARTMENT_ID FROM EMPLOYEES ORDER BY 1,2;

JOB_ID     DEPARTMENT_ID                                                                                                                                                                                
---------- -------------                                                                                                                                                                                
AC_ACCOUNT           110                                                                                                                                                                                
AC_MGR               110                                                                                                                                                                                
AD_ASST               10                                                                                                                                                                                
AD_PRES               90                                                                                                                                                                                
AD_VP                 90                                                                                                                                                                                
AD_VP                 90                                                                                                                                                                                
IT_PROG               60                                                                                                                                                                                
IT_PROG               60                                                                                                                                                                                
IT_PROG               60                                                                                                                                                                                
MK_MAN                20                                                                                                                                                                                
MK_REP                20                                                                                                                                                                                
SA_MAN                80                                                                                                                                                                                
SA_REP                80                                                                                                                                                                                
SA_REP                80                                                                                                                                                                                
SA_REP                                                                                                                                                                                                  
ST_CLERK              50                                                                                                                                                                                
ST_CLERK              50                                                                                                                                                                                
ST_CLERK              50                                                                                                                                                                                
ST_CLERK              50                                                                                                                                                                                
ST_MAN                50                                                                                                                                                                                

20 rows selected.

SQL> SELECT UNIQUE JOB_ID , DEPARTMENT_ID FROM EMPLOYEES ORDER BY 1,2;

JOB_ID     DEPARTMENT_ID                                                                                                                                                                                
---------- -------------                                                                                                                                                                                
AC_ACCOUNT           110                                                                                                                                                                                
AC_MGR               110                                                                                                                                                                                
AD_ASST               10                                                                                                                                                                                
AD_PRES               90                                                                                                                                                                                
AD_VP                 90                                                                                                                                                                                
IT_PROG               60                                                                                                                                                                                
MK_MAN                20                                                                                                                                                                                
MK_REP                20                                                                                                                                                                                
SA_MAN                80                                                                                                                                                                                
SA_REP                80                                                                                                                                                                                
SA_REP                                                                                                                                                                                                  
ST_CLERK              50                                                                                                                                                                                
ST_MAN                50                                                                                                                                                                                

13 rows selected.

SQL> 
SQL> REM RULES FOR USING DISTINCT/UNIQUE :
SQL> 
SQL> REM 1 DISTINCT OR UNIQUE MUST BE PLACED JUST AFTER 'SELECT' KEY WORD.
SQL> 
SQL> REM 2 EITHER DISTINCT OR UNIQUE, ONLY ONE CAN BE USED WITHIN SINGLE SELECT STATEMENT.
SQL> 
SQL> REM 3 DISTINCT OR UNIQUE CAN BE USED SINGLE TIME ONLY PER SELECT STATEMENT.
SQL> 
SQL> 
SQL> 
SQL> SELECT DEPARTMENT_ID , JOB_ID , MANAGER_ID FROM EMPLOYEES ORDER BY 1,2,3;

DEPARTMENT_ID JOB_ID     MANAGER_ID                                                                                                                                                                     
------------- ---------- ----------                                                                                                                                                                     
           10 AD_ASST           101                                                                                                                                                                     
           20 MK_MAN            100                                                                                                                                                                     
           20 MK_REP            201                                                                                                                                                                     
           50 ST_CLERK          124                                                                                                                                                                     
           50 ST_CLERK          124                                                                                                                                                                     
           50 ST_CLERK          124                                                                                                                                                                     
           50 ST_CLERK          124                                                                                                                                                                     
           50 ST_MAN            100                                                                                                                                                                     
           60 IT_PROG           102                                                                                                                                                                     
           60 IT_PROG           103                                                                                                                                                                     
           60 IT_PROG           103                                                                                                                                                                     
           80 SA_MAN            100                                                                                                                                                                     
           80 SA_REP            149                                                                                                                                                                     
           80 SA_REP            149                                                                                                                                                                     
           90 AD_PRES                                                                                                                                                                                   
           90 AD_VP             100                                                                                                                                                                     
           90 AD_VP             100                                                                                                                                                                     
          110 AC_ACCOUNT        205                                                                                                                                                                     
          110 AC_MGR            101                                                                                                                                                                     
              SA_REP            149                                                                                                                                                                     

20 rows selected.

SQL> 
SQL> SELECT DEPARTMENT_ID , DISTINCT JOB_ID , MANAGER_ID FROM EMPLOYEES ORDER BY 1,2,3;
SELECT DEPARTMENT_ID , DISTINCT JOB_ID , MANAGER_ID FROM EMPLOYEES ORDER BY 1,2,3
                       *
ERROR at line 1:
ORA-00936: missing expression 


SQL> SELECT * FROM EMPLOYEES;

EMPLOYEE_ID FIRST_NAME      LAST_NAME       EMAIL      PHONE_NUMBER         HIRE_DATE JOB_ID         SALARY COMMISSION_PCT MANAGER_ID DEPARTMENT_ID                                                     
----------- --------------- --------------- ---------- -------------------- --------- ---------- ---------- -------------- ---------- -------------                                                     
        100 Steven          King            SKING      515.123.4567         17-JUL-87 AD_PRES         24000                                      90                                                     
        101 Neena           Kochhar         NKOCHHAR   515.123.4568         21-SEP-89 AD_VP           17000                       100            90                                                     
        102 Lex             De Haan         LDEHAAN    515.123.4569         13-JAN-93 AD_VP           17000                       100            90                                                     
        103 Alexander       Hunold          AHUNOLD    590.423.4567         03-JAN-90 IT_PROG          9000                       102            60                                                     
        104 Bruce           Ernst           BERNST     590.423.4568         21-MAY-91 IT_PROG          6000                       103            60                                                     
        107 Diana           Lorentz         DLORENTZ   590.423.5567         07-FEB-99 IT_PROG          4200                       103            60                                                     
        124 Kevin           Mourgos         KMOURGOS   650.123.5234         16-NOV-99 ST_MAN           5800                       100            50                                                     
        141 Trenna          Rajs            TRAJS      650.121.8009         17-OCT-95 ST_CLERK         3500                       124            50                                                     
        142 Curtis          Davies          CDAVIES    650.121.2994         29-JAN-97 ST_CLERK         3100                       124            50                                                     
        143 Randall         Matos           RMATOS     650.121.2874         15-MAR-98 ST_CLERK         2600                       124            50                                                     
        144 Peter           Vargas          PVARGAS    650.121.2004         09-JUL-98 ST_CLERK         2500                       124            50                                                     
        149 Eleni           Zlotkey         EZLOTKEY   011.44.1344.429018   29-JAN-00 SA_MAN          10500             .2        100            80                                                     
        174 Ellen           Abel                       011.44.1644.429267   11-MAY-96 SA_REP          11000             .3        149            80                                                     
        176 Jonathon        Taylor          JTAYLOR    011.44.1644.429265   24-MAR-98 SA_REP           8600             .3        149            80                                                     
        178 Kimerely        Grant           KGRANT     011.44.1644.429263   24-MAY-99 SA_REP           7000            .15        149                                                                   
